brand_slug,brand_name,origem,total,verified_inci,pct_inci,termo_volume,termo_inci,motivo,observacao,url_atual,status_brand_json,priority
davines,Davines,internacional,0,0,0.0,🔴 vazio,⚪ N/A,cloudflare_blocked,Site bloqueia scraper. Precisa entrada manual ou parceria.,,active,
truss,TRUSS,nacional,0,0,0.0,🔴 vazio,⚪ N/A,cloudflare_blocked,Site bloqueia scraper. Precisa entrada manual ou parceria.,,active,1
wella-professionals,Wella Professionals,nacional,0,0,0.0,🔴 vazio,⚪ N/A,cloudflare_blocked,Site bloqueia scraper. Precisa entrada manual ou parceria.,,active,
50-megumi,50 Megumi,outras,0,0,0.0,🔴 vazio,⚪ N/A,missing_url,URL nao cadastrada em brands.json. Adicionar e rodar discovery.,,active,
acca-kappa,Acca Kappa,outras,0,0,0.0,🔴 vazio,⚪ N/A,missing_url,URL nao cadastrada em brands.json. Adicionar e rodar discovery.,,active,
ache,Ache,outras,0,0,0.0,🔴 vazio,⚪ N/A,missing_url,URL nao cadastrada em brands.json. Adicionar e rodar discovery.,,active,41
aesop,Aesop,outras,0,0,0.0,🔴 vazio,⚪ N/A,missing_url,URL nao cadastrada em brands.json. Adicionar e rodar discovery.,,active,
agadir-argan-oil,Agadir Argan Oil,outras,0,0,0.0,🔴 vazio,⚪ N/A,missing_url,URL nao cadastrada em brands.json. Adicionar e rodar discovery.,,active,
ahava,Ahava,outras,0,0,0.0,🔴 vazio,⚪ N/A,missing_url,URL nao cadastrada em brands.json. Adicionar e rodar discovery.,,active,
alfaparf,AlfaParf,internacional,0,0,0.0,🔴 vazio,⚪ N/A,missing_url,URL nao cadastrada em brands.json. Adicionar e rodar discovery.,,active,
american-crew,American Crew,outras,0,0,0.0,🔴 vazio,⚪ N/A,missing_url,URL nao cadastrada em brands.json. Adicionar e rodar discovery.,,active,
american-desire,American Desire,outras,0,0,0.0,🔴 vazio,⚪ N/A,missing_url,URL nao cadastrada em brands.json. Adicionar e rodar discovery.,,blocked_maintenance,3
anuar-cosmeticos,Anuar Cosméticos,outras,0,0,0.0,🔴 vazio,⚪ N/A,missing_url,URL nao cadastrada em brands.json. Adicionar e rodar discovery.,,active,
any-liss,Any Liss,outras,0,0,0.0,🔴 vazio,⚪ N/A,missing_url,URL nao cadastrada em brands.json. Adicionar e rodar discovery.,,active,
apivita,Apivita,outras,0,0,0.0,🔴 vazio,⚪ N/A,missing_url,URL nao cadastrada em brands.json. Adicionar e rodar discovery.,,active,
aromatherapy-associates,Aromatherapy Associates,outras,0,0,0.0,🔴 vazio,⚪ N/A,missing_url,URL nao cadastrada em brands.json. Adicionar e rodar discovery.,,active,
aromia-cosmeticos,Aromia Cosméticos,outras,0,0,0.0,🔴 vazio,⚪ N/A,missing_url,URL nao cadastrada em brands.json. Adicionar e rodar discovery.,,active,
ativo-natural,Ativo Natural,outras,0,0,0.0,🔴 vazio,⚪ N/A,missing_url,URL nao cadastrada em brands.json. Adicionar e rodar discovery.,,active,
aveda,Aveda,internacional,0,0,0.0,🔴 vazio,⚪ N/A,missing_url,URL nao cadastrada em brands.json. Adicionar e rodar discovery.,,active,
avlon,Avlon,nacional,0,0,0.0,🔴 vazio,⚪ N/A,missing_url,URL nao cadastrada em brands.json. Adicionar e rodar discovery.,,active,
avon,Avon,outras,0,0,0.0,🔴 vazio,⚪ N/A,missing_url,URL nao cadastrada em brands.json. Adicionar e rodar discovery.,,active,
barba-de-urso,Barba de Urso,outras,0,0,0.0,🔴 vazio,⚪ N/A,missing_url,URL nao cadastrada em brands.json. Adicionar e rodar discovery.,,active,
baxter-of-california,Baxter of California,outras,0,0,0.0,🔴 vazio,⚪ N/A,missing_url,URL nao cadastrada em brands.json. Adicionar e rodar discovery.,,active,
be-belle,Be Belle,outras,0,0,0.0,🔴 vazio,⚪ N/A,missing_url,URL nao cadastrada em brands.json. Adicionar e rodar discovery.,,active,
beauty-secret,Beauty Secret,outras,0,0,0.0,🔴 vazio,⚪ N/A,missing_url,URL nao cadastrada em brands.json. Adicionar e rodar discovery.,,active,
beauty-world,Beauty World,outras,0,0,0.0,🔴 vazio,⚪ N/A,missing_url,URL nao cadastrada em brands.json. Adicionar e rodar discovery.,,active,
beautycolor,BeautyColor,outras,0,0,0.0,🔴 vazio,⚪ N/A,missing_url,URL nao cadastrada em brands.json. Adicionar e rodar discovery.,,active,
bebe-natureza,Bebê Natureza,outras,0,0,0.0,🔴 vazio,⚪ N/A,missing_url,URL nao cadastrada em brands.json. Adicionar e rodar discovery.,,active,
bedalm-pharma-do-brasil,Bedalm Pharma do Brasil,outras,0,0,0.0,🔴 vazio,⚪ N/A,missing_url,URL nao cadastrada em brands.json. Adicionar e rodar discovery.,,active,
begonia-cosmeticos,Begônia Cosméticos,outras,0,0,0.0,🔴 vazio,⚪ N/A,missing_url,URL nao cadastrada em brands.json. Adicionar e rodar discovery.,,active,
belcazzi-profissional,Belcazzi Profissional,outras,0,0,0.0,🔴 vazio,⚪ N/A,missing_url,URL nao cadastrada em brands.json. Adicionar e rodar discovery.,,active,
beleza-express,Beleza Express,outras,0,0,0.0,🔴 vazio,⚪ N/A,missing_url,URL nao cadastrada em brands.json. Adicionar e rodar discovery.,,active,
belkit,Belkit,outras,0,0,0.0,🔴 vazio,⚪ N/A,missing_url,URL nao cadastrada em brands.json. Adicionar e rodar discovery.,,active,
belliz,Belliz,outras,0,0,0.0,🔴 vazio,⚪ N/A,missing_url,URL nao cadastrada em brands.json. Adicionar e rodar discovery.,,active,
belofio-professional,Belofio Professional,outras,0,0,0.0,🔴 vazio,⚪ N/A,missing_url,URL nao cadastrada em brands.json. Adicionar e rodar discovery.,,active,
beto-bita,Beto Bita,outras,0,0,0.0,🔴 vazio,⚪ N/A,missing_url,URL nao cadastrada em brands.json. Adicionar e rodar discovery.,,active,
better-not-younger,Better Not Younger,outras,0,0,0.0,🔴 vazio,⚪ N/A,missing_url,URL nao cadastrada em brands.json. Adicionar e rodar discovery.,,active,
beudose,Beudose,outras,0,0,0.0,🔴 vazio,⚪ N/A,missing_url,URL nao cadastrada em brands.json. Adicionar e rodar discovery.,,active,
billy-jealousy,Billy Jealousy,outras,0,0,0.0,🔴 vazio,⚪ N/A,missing_url,URL nao cadastrada em brands.json. Adicionar e rodar discovery.,,active,
biocale,Biocale,outras,0,0,0.0,🔴 vazio,⚪ N/A,missing_url,URL nao cadastrada em brands.json. Adicionar e rodar discovery.,,active,
bioderma,Bioderma,outras,0,0,0.0,🔴 vazio,⚪ N/A,missing_url,URL nao cadastrada em brands.json. Adicionar e rodar discovery.,,active,
biofios-profissional,Biofios Profissional,outras,0,0,0.0,🔴 vazio,⚪ N/A,missing_url,URL nao cadastrada em brands.json. Adicionar e rodar discovery.,,active,
biosilk,BioSilk,outras,0,0,0.0,🔴 vazio,⚪ N/A,missing_url,URL nao cadastrada em brands.json. Adicionar e rodar discovery.,,active,
biotipo-brazil,Biotipo Brazil,outras,0,0,0.0,🔴 vazio,⚪ N/A,missing_url,URL nao cadastrada em brands.json. Adicionar e rodar discovery.,,active,
bjork-berries,Björk & Berries,outras,0,0,0.0,🔴 vazio,⚪ N/A,missing_url,URL nao cadastrada em brands.json. Adicionar e rodar discovery.,,active,
black-beauty,Black Beauty,outras,0,0,0.0,🔴 vazio,⚪ N/A,missing_url,URL nao cadastrada em brands.json. Adicionar e rodar discovery.,,active,
blu-magic,Blu Magic,outras,0,0,0.0,🔴 vazio,⚪ N/A,missing_url,URL nao cadastrada em brands.json. Adicionar e rodar discovery.,,active,
boe-boe-cosmetics,BOE / Boé Cosmetics,outras,0,0,0.0,🔴 vazio,⚪ N/A,missing_url,URL nao cadastrada em brands.json. Adicionar e rodar discovery.,,active,
bomba,Bomba,outras,0,0,0.0,🔴 vazio,⚪ N/A,missing_url,URL nao cadastrada em brands.json. Adicionar e rodar discovery.,,active,
bondi-wash,BONDI WASH,outras,0,0,0.0,🔴 vazio,⚪ N/A,missing_url,URL nao cadastrada em brands.json. Adicionar e rodar discovery.,,active,
bonita-por-natureza,Bonita por Natureza,outras,0,0,0.0,🔴 vazio,⚪ N/A,missing_url,URL nao cadastrada em brands.json. Adicionar e rodar discovery.,,active,
borabella,Borabella,outras,0,0,0.0,🔴 vazio,⚪ N/A,missing_url,URL nao cadastrada em brands.json. Adicionar e rodar discovery.,,active,
bosley,Bosley,outras,0,0,0.0,🔴 vazio,⚪ N/A,missing_url,URL nao cadastrada em brands.json. Adicionar e rodar discovery.,,active,
bothanico-hair,Bothanico Hair,outras,0,0,0.0,🔴 vazio,⚪ N/A,missing_url,URL nao cadastrada em brands.json. Adicionar e rodar discovery.,,active,
br-co,Br&Co,outras,0,0,0.0,🔴 vazio,⚪ N/A,missing_url,URL nao cadastrada em brands.json. Adicionar e rodar discovery.,,active,
braliz,Braliz,outras,0,0,0.0,🔴 vazio,⚪ N/A,missing_url,URL nao cadastrada em brands.json. Adicionar e rodar discovery.,,active,
bravet,Bravet,outras,0,0,0.0,🔴 vazio,⚪ N/A,missing_url,URL nao cadastrada em brands.json. Adicionar e rodar discovery.,,active,
bravir,Bravir,outras,0,0,0.0,🔴 vazio,⚪ N/A,missing_url,URL nao cadastrada em brands.json. Adicionar e rodar discovery.,,active,
bumble-and-bumble,Bumble and Bumble,outras,0,0,0.0,🔴 vazio,⚪ N/A,missing_url,URL nao cadastrada em brands.json. Adicionar e rodar discovery.,,active,
butterfly,Butterfly,outras,0,0,0.0,🔴 vazio,⚪ N/A,missing_url,URL nao cadastrada em brands.json. Adicionar e rodar discovery.,,active,
c-alma,C/ALMA,outras,0,0,0.0,🔴 vazio,⚪ N/A,missing_url,URL nao cadastrada em brands.json. Adicionar e rodar discovery.,,active,
cadiveu-professional,Cadiveu Professional,nacional,0,0,0.0,🔴 vazio,⚪ N/A,missing_url,URL nao cadastrada em brands.json. Adicionar e rodar discovery.,,active,
care-for-you,Care for You,outras,0,0,0.0,🔴 vazio,⚪ N/A,missing_url,URL nao cadastrada em brands.json. Adicionar e rodar discovery.,,active,
carols-daughter,Carol’s Daughter,outras,0,0,0.0,🔴 vazio,⚪ N/A,missing_url,URL nao cadastrada em brands.json. Adicionar e rodar discovery.,,active,
casa-da-india,Casa da Índia,outras,0,0,0.0,🔴 vazio,⚪ N/A,missing_url,URL nao cadastrada em brands.json. Adicionar e rodar discovery.,,active,
cavalera,Cavalera,outras,0,0,0.0,🔴 vazio,⚪ N/A,missing_url,URL nao cadastrada em brands.json. Adicionar e rodar discovery.,,active,
charmelle,Charmelle,outras,0,0,0.0,🔴 vazio,⚪ N/A,missing_url,URL nao cadastrada em brands.json. Adicionar e rodar discovery.,,out_of_scope,
charming,Charming,outras,0,0,0.0,🔴 vazio,⚪ N/A,missing_url,URL nao cadastrada em brands.json. Adicionar e rodar discovery.,,active,
che-figo,Che Figo,nacional,0,0,0.0,🔴 vazio,⚪ N/A,missing_url,URL nao cadastrada em brands.json. Adicionar e rodar discovery.,,active,
chi-farouk-systems,CHI (Farouk Systems),outras,0,0,0.0,🔴 vazio,⚪ N/A,missing_url,URL nao cadastrada em brands.json. Adicionar e rodar discovery.,,active,
chons,Chons,outras,0,0,0.0,🔴 vazio,⚪ N/A,missing_url,URL nao cadastrada em brands.json. Adicionar e rodar discovery.,,active,
christine-adans,Christine Adans,outras,0,0,0.0,🔴 vazio,⚪ N/A,missing_url,URL nao cadastrada em brands.json. Adicionar e rodar discovery.,,active,
christophe-robin,Christophe Robin,internacional,0,0,0.0,🔴 vazio,⚪ N/A,missing_url,URL nao cadastrada em brands.json. Adicionar e rodar discovery.,,active,
classe-a,Classe A,outras,0,0,0.0,🔴 vazio,⚪ N/A,missing_url,URL nao cadastrada em brands.json. Adicionar e rodar discovery.,,active,
clear,Clear,outras,0,0,0.0,🔴 vazio,⚪ N/A,missing_url,URL nao cadastrada em brands.json. Adicionar e rodar discovery.,,active,23
cless,Cless,nacional,0,0,0.0,🔴 vazio,⚪ N/A,missing_url,URL nao cadastrada em brands.json. Adicionar e rodar discovery.,,active,
clorofitum,Clorofitum,outras,0,0,0.0,🔴 vazio,⚪ N/A,missing_url,URL nao cadastrada em brands.json. Adicionar e rodar discovery.,,active,
coiffer,Coiffer,outras,0,0,0.0,🔴 vazio,⚪ N/A,missing_url,URL nao cadastrada em brands.json. Adicionar e rodar discovery.,,active,
colgate-palmolive,Colgate-Palmolive,outras,0,0,0.0,🔴 vazio,⚪ N/A,missing_url,URL nao cadastrada em brands.json. Adicionar e rodar discovery.,,active,37
color-affair,Color Affair,outras,0,0,0.0,🔴 vazio,⚪ N/A,missing_url,URL nao cadastrada em brands.json. Adicionar e rodar discovery.,,active,
color-pro,Color Pro,outras,0,0,0.0,🔴 vazio,⚪ N/A,missing_url,URL nao cadastrada em brands.json. Adicionar e rodar discovery.,,active,
color-wow,Color WOW,outras,0,0,0.0,🔴 vazio,⚪ N/A,missing_url,URL nao cadastrada em brands.json. Adicionar e rodar discovery.,,active,
corpo-dourado,Corpo Dourado,outras,0,0,0.0,🔴 vazio,⚪ N/A,missing_url,URL nao cadastrada em brands.json. Adicionar e rodar discovery.,,active,
cosmeceuta,Cosmeceuta,outras,0,0,0.0,🔴 vazio,⚪ N/A,missing_url,URL nao cadastrada em brands.json. Adicionar e rodar discovery.,,active,
cosmedix,CosMedix,outras,0,0,0.0,🔴 vazio,⚪ N/A,missing_url,URL nao cadastrada em brands.json. Adicionar e rodar discovery.,,active,
cris-dios-organics,Cris Dios Organics,outras,0,0,0.0,🔴 vazio,⚪ N/A,missing_url,URL nao cadastrada em brands.json. Adicionar e rodar discovery.,,active,
crown-us-professional,Crown'us Professional,outras,0,0,0.0,🔴 vazio,⚪ N/A,missing_url,URL nao cadastrada em brands.json. Adicionar e rodar discovery.,,active,
curly-care,Curly Care,outras,0,0,0.0,🔴 vazio,⚪ N/A,missing_url,URL nao cadastrada em brands.json. Adicionar e rodar discovery.,,active,
daare,Daarê,outras,0,0,0.0,🔴 vazio,⚪ N/A,missing_url,URL nao cadastrada em brands.json. Adicionar e rodar discovery.,,active,
dabelle-hair,DaBelle Hair,outras,0,0,0.0,🔴 vazio,⚪ N/A,missing_url,URL nao cadastrada em brands.json. Adicionar e rodar discovery.,,active,
dacca-professional,Dacca Professional,outras,0,0,0.0,🔴 vazio,⚪ N/A,missing_url,URL nao cadastrada em brands.json. Adicionar e rodar discovery.,,active,
dalsan-cosmeticos,Dalsan Cosméticos,outras,0,0,0.0,🔴 vazio,⚪ N/A,missing_url,URL nao cadastrada em brands.json. Adicionar e rodar discovery.,,active,
dama-hair,Dama Hair,outras,0,0,0.0,🔴 vazio,⚪ N/A,missing_url,URL nao cadastrada em brands.json. Adicionar e rodar discovery.,,active,
de-sirius,De Sirius,outras,0,0,0.0,🔴 vazio,⚪ N/A,missing_url,URL nao cadastrada em brands.json. Adicionar e rodar discovery.,,active,
dermare,Dermare,outras,0,0,0.0,🔴 vazio,⚪ N/A,missing_url,URL nao cadastrada em brands.json. Adicionar e rodar discovery.,,active,
design-me,Design.ME,outras,0,0,0.0,🔴 vazio,⚪ N/A,missing_url,URL nao cadastrada em brands.json. Adicionar e rodar discovery.,,active,
detagold,Detagold,outras,0,0,0.0,🔴 vazio,⚪ N/A,missing_url,URL nao cadastrada em brands.json. Adicionar e rodar discovery.,,active,
detra-hair-cosmetics,Detra Hair Cosmetics,outras,0,0,0.0,🔴 vazio,⚪ N/A,missing_url,URL nao cadastrada em brands.json. Adicionar e rodar discovery.,,active,
devacurl,DevaCurl,outras,0,0,0.0,🔴 vazio,⚪ N/A,missing_url,URL nao cadastrada em brands.json. Adicionar e rodar discovery.,,active,
dhonna,Dhonna,outras,0,0,0.0,🔴 vazio,⚪ N/A,missing_url,URL nao cadastrada em brands.json. Adicionar e rodar discovery.,,active,
diamante-profissional,Diamante Profissional,outras,0,0,0.0,🔴 vazio,⚪ N/A,missing_url,URL nao cadastrada em brands.json. Adicionar e rodar discovery.,,active,
dicolore,Dicolore,outras,0,0,0.0,🔴 vazio,⚪ N/A,missing_url,URL nao cadastrada em brands.json. Adicionar e rodar discovery.,,active,
diego-dalla-palma-milano,Diego Dalla Palma Milano,outras,0,0,0.0,🔴 vazio,⚪ N/A,missing_url,URL nao cadastrada em brands.json. Adicionar e rodar discovery.,,active,
diliza-professional,Diliza Professional,outras,0,0,0.0,🔴 vazio,⚪ N/A,missing_url,URL nao cadastrada em brands.json. Adicionar e rodar discovery.,,active,
dimension,Dimension,outras,0,0,0.0,🔴 vazio,⚪ N/A,missing_url,URL nao cadastrada em brands.json. Adicionar e rodar discovery.,,active,
divcom,Divcom,outras,0,0,0.0,🔴 vazio,⚪ N/A,missing_url,URL nao cadastrada em brands.json. Adicionar e rodar discovery.,,active,
divine-meches,Divine Mèches,outras,0,0,0.0,🔴 vazio,⚪ N/A,missing_url,URL nao cadastrada em brands.json. Adicionar e rodar discovery.,,active,
do-ha,DO.HA,outras,0,0,0.0,🔴 vazio,⚪ N/A,missing_url,URL nao cadastrada em brands.json. Adicionar e rodar discovery.,,active,
dom-pelo,Dom Pelo,outras,0,0,0.0,🔴 vazio,⚪ N/A,missing_url,URL nao cadastrada em brands.json. Adicionar e rodar discovery.,,active,
don-alcides,Don Alcides,outras,0,0,0.0,🔴 vazio,⚪ N/A,missing_url,URL nao cadastrada em brands.json. Adicionar e rodar discovery.,,active,
doona,Doona,outras,0,0,0.0,🔴 vazio,⚪ N/A,missing_url,URL nao cadastrada em brands.json. Adicionar e rodar discovery.,,active,
doono,Doono,outras,0,0,0.0,🔴 vazio,⚪ N/A,missing_url,URL nao cadastrada em brands.json. Adicionar e rodar discovery.,,active,
dr-barbara-sturm,Dr. Barbara Sturm,outras,0,0,0.0,🔴 vazio,⚪ N/A,missing_url,URL nao cadastrada em brands.json. Adicionar e rodar discovery.,,active,
dr-hauschka,Dr. Hauschka,outras,0,0,0.0,🔴 vazio,⚪ N/A,missing_url,URL nao cadastrada em brands.json. Adicionar e rodar discovery.,,active,
dr-seed,Dr. Seed,outras,0,0,0.0,🔴 vazio,⚪ N/A,missing_url,URL nao cadastrada em brands.json. Adicionar e rodar discovery.,,active,
dr-zero,Dr ZERO,outras,0,0,0.0,🔴 vazio,⚪ N/A,missing_url,URL nao cadastrada em brands.json. Adicionar e rodar discovery.,,active,
ducray,Ducray,outras,0,0,0.0,🔴 vazio,⚪ N/A,missing_url,URL nao cadastrada em brands.json. Adicionar e rodar discovery.,,active,
duetto-professional,Duetto Professional,outras,0,0,0.0,🔴 vazio,⚪ N/A,missing_url,URL nao cadastrada em brands.json. Adicionar e rodar discovery.,,active,
eae-cosmeticos,Eaê Cosméticos,outras,0,0,0.0,🔴 vazio,⚪ N/A,missing_url,URL nao cadastrada em brands.json. Adicionar e rodar discovery.,,active,
ecosix-professional,Ecosix Professional,outras,0,0,0.0,🔴 vazio,⚪ N/A,missing_url,URL nao cadastrada em brands.json. Adicionar e rodar discovery.,,active,
ecosmetics,Ecosmetics,outras,0,0,0.0,🔴 vazio,⚪ N/A,missing_url,URL nao cadastrada em brands.json. Adicionar e rodar discovery.,,active,
eico,Eico,outras,0,0,0.0,🔴 vazio,⚪ N/A,missing_url,URL nao cadastrada em brands.json. Adicionar e rodar discovery.,,active,
eizz,EIZZ,outras,0,0,0.0,🔴 vazio,⚪ N/A,missing_url,URL nao cadastrada em brands.json. Adicionar e rodar discovery.,,active,
ekilibre-amazonia,Ekilibre Amazônia,outras,0,0,0.0,🔴 vazio,⚪ N/A,missing_url,URL nao cadastrada em brands.json. Adicionar e rodar discovery.,,active,
ekobe,Ekobé,outras,0,0,0.0,🔴 vazio,⚪ N/A,missing_url,URL nao cadastrada em brands.json. Adicionar e rodar discovery.,,active,
eleven-australia,Eleven Australia,outras,0,0,0.0,🔴 vazio,⚪ N/A,missing_url,URL nao cadastrada em brands.json. Adicionar e rodar discovery.,,active,
elfa-4men,Elfa 4men,outras,0,0,0.0,🔴 vazio,⚪ N/A,missing_url,URL nao cadastrada em brands.json. Adicionar e rodar discovery.,,active,
eliana-mendes,Eliana Mendes,outras,0,0,0.0,🔴 vazio,⚪ N/A,missing_url,URL nao cadastrada em brands.json. Adicionar e rodar discovery.,,active,
elisafer,Elisafer,outras,0,0,0.0,🔴 vazio,⚪ N/A,missing_url,URL nao cadastrada em brands.json. Adicionar e rodar discovery.,,active,
ellips,Ellips,outras,0,0,0.0,🔴 vazio,⚪ N/A,missing_url,URL nao cadastrada em brands.json. Adicionar e rodar discovery.,,active,
elvis-elvin,Elvis + Elvin,outras,0,0,0.0,🔴 vazio,⚪ N/A,missing_url,URL nao cadastrada em brands.json. Adicionar e rodar discovery.,,active,
emah-hair-care,Emáh Hair Care,outras,0,0,0.0,🔴 vazio,⚪ N/A,missing_url,URL nao cadastrada em brands.json. Adicionar e rodar discovery.,,active,
embaixador,Embaixador,outras,0,0,0.0,🔴 vazio,⚪ N/A,missing_url,URL nao cadastrada em brands.json. Adicionar e rodar discovery.,,active,
enzz-cosmetics,Enzz Cosmetics,outras,0,0,0.0,🔴 vazio,⚪ N/A,missing_url,URL nao cadastrada em brands.json. Adicionar e rodar discovery.,,active,
eri-haircare,Eri Haircare,outras,0,0,0.0,🔴 vazio,⚪ N/A,missing_url,URL nao cadastrada em brands.json. Adicionar e rodar discovery.,,active,
erven-cosmetics,Erven Cosmetics,outras,0,0,0.0,🔴 vazio,⚪ N/A,missing_url,URL nao cadastrada em brands.json. Adicionar e rodar discovery.,,active,
ervik,Ervik,outras,0,0,0.0,🔴 vazio,⚪ N/A,missing_url,URL nao cadastrada em brands.json. Adicionar e rodar discovery.,,active,
escovas-evas,Escovas Evas,outras,0,0,0.0,🔴 vazio,⚪ N/A,missing_url,URL nao cadastrada em brands.json. Adicionar e rodar discovery.,,active,
essencialmente-bela,Essencialmente Bela,outras,0,0,0.0,🔴 vazio,⚪ N/A,missing_url,URL nao cadastrada em brands.json. Adicionar e rodar discovery.,,active,
essencials-profissional,Essencials Profissional,outras,0,0,0.0,🔴 vazio,⚪ N/A,missing_url,URL nao cadastrada em brands.json. Adicionar e rodar discovery.,,active,
estoril-cosmeticos,Estoril Cosméticos,outras,0,0,0.0,🔴 vazio,⚪ N/A,missing_url,URL nao cadastrada em brands.json. Adicionar e rodar discovery.,,active,
everlong,Everlong,outras,0,0,0.0,🔴 vazio,⚪ N/A,missing_url,URL nao cadastrada em brands.json. Adicionar e rodar discovery.,,active,
evo,Evo,outras,0,0,0.0,🔴 vazio,⚪ N/A,missing_url,URL nao cadastrada em brands.json. Adicionar e rodar discovery.,,active,
exo-hair,Exo Hair,outras,0,0,0.0,🔴 vazio,⚪ N/A,missing_url,URL nao cadastrada em brands.json. Adicionar e rodar discovery.,,active,
expresso-mata-atlantica,Expresso Mata Atlântica,outras,0,0,0.0,🔴 vazio,⚪ N/A,missing_url,URL nao cadastrada em brands.json. Adicionar e rodar discovery.,,active,
f-men-cosmetics,F-Men Cosmetics,outras,0,0,0.0,🔴 vazio,⚪ N/A,missing_url,URL nao cadastrada em brands.json. Adicionar e rodar discovery.,,active,
fanola,Fanola,outras,0,0,0.0,🔴 vazio,⚪ N/A,missing_url,URL nao cadastrada em brands.json. Adicionar e rodar discovery.,,active,
farmaervas,Farmaervas,outras,0,0,0.0,🔴 vazio,⚪ N/A,missing_url,URL nao cadastrada em brands.json. Adicionar e rodar discovery.,,active,
fashion-gold,Fashion Gold,outras,0,0,0.0,🔴 vazio,⚪ N/A,missing_url,URL nao cadastrada em brands.json. Adicionar e rodar discovery.,,active,
fast-escova,Fast Escova,outras,0,0,0.0,🔴 vazio,⚪ N/A,missing_url,URL nao cadastrada em brands.json. Adicionar e rodar discovery.,,active,
fatboy,Fatboy,outras,0,0,0.0,🔴 vazio,⚪ N/A,missing_url,URL nao cadastrada em brands.json. Adicionar e rodar discovery.,,active,
feito-pra-voce,Feito pra Você,outras,0,0,0.0,🔴 vazio,⚪ N/A,missing_url,URL nao cadastrada em brands.json. Adicionar e rodar discovery.,,active,
felithi-pro,Felithi Pro,outras,0,0,0.0,🔴 vazio,⚪ N/A,missing_url,URL nao cadastrada em brands.json. Adicionar e rodar discovery.,,active,
fgz-professional,FGZ Professional,outras,0,0,0.0,🔴 vazio,⚪ N/A,missing_url,URL nao cadastrada em brands.json. Adicionar e rodar discovery.,,active,
fit-cosmetics,Fit Cosmetics,outras,0,0,0.0,🔴 vazio,⚪ N/A,missing_url,URL nao cadastrada em brands.json. Adicionar e rodar discovery.,,active,
flama,Flama,outras,0,0,0.0,🔴 vazio,⚪ N/A,missing_url,URL nao cadastrada em brands.json. Adicionar e rodar discovery.,,active,
floland,Floland,outras,0,0,0.0,🔴 vazio,⚪ N/A,missing_url,URL nao cadastrada em brands.json. Adicionar e rodar discovery.,,active,
folha-nativa-cosmeticos,Folha Nativa Cosméticos,outras,0,0,0.0,🔴 vazio,⚪ N/A,missing_url,URL nao cadastrada em brands.json. Adicionar e rodar discovery.,,active,
for-beauty,For Beauty,outras,0,0,0.0,🔴 vazio,⚪ N/A,missing_url,URL nao cadastrada em brands.json. Adicionar e rodar discovery.,,active,
force-de-frizz,Force de Frizz,outras,0,0,0.0,🔴 vazio,⚪ N/A,missing_url,URL nao cadastrada em brands.json. Adicionar e rodar discovery.,,active,
formalisa,Formalisa,outras,0,0,0.0,🔴 vazio,⚪ N/A,missing_url,URL nao cadastrada em brands.json. Adicionar e rodar discovery.,,active,
fox-professional,Fox Professional,nacional,0,0,0.0,🔴 vazio,⚪ N/A,missing_url,URL nao cadastrada em brands.json. Adicionar e rodar discovery.,,active,
fudge,Fudge,outras,0,0,0.0,🔴 vazio,⚪ N/A,missing_url,URL nao cadastrada em brands.json. Adicionar e rodar discovery.,,active,
fusion,Fusion,outras,0,0,0.0,🔴 vazio,⚪ N/A,missing_url,URL nao cadastrada em brands.json. Adicionar e rodar discovery.,,active,
g-hair,G.Hair,outras,0,0,0.0,🔴 vazio,⚪ N/A,missing_url,URL nao cadastrada em brands.json. Adicionar e rodar discovery.,,active,
garnier,Garnier,internacional,0,0,0.0,🔴 vazio,⚪ N/A,missing_url,URL nao cadastrada em brands.json. Adicionar e rodar discovery.,,active,
ghd,GHD,outras,0,0,0.0,🔴 vazio,⚪ N/A,missing_url,URL nao cadastrada em brands.json. Adicionar e rodar discovery.,,active,
gigita,Gigita,outras,0,0,0.0,🔴 vazio,⚪ N/A,missing_url,URL nao cadastrada em brands.json. Adicionar e rodar discovery.,,active,
girass,Girass,nacional,0,0,0.0,🔴 vazio,⚪ N/A,missing_url,URL nao cadastrada em brands.json. Adicionar e rodar discovery.,,active,
glatten-professional,Glatten Professional,outras,0,0,0.0,🔴 vazio,⚪ N/A,missing_url,URL nao cadastrada em brands.json. Adicionar e rodar discovery.,,active,
go,GO.,outras,0,0,0.0,🔴 vazio,⚪ N/A,missing_url,URL nao cadastrada em brands.json. Adicionar e rodar discovery.,,active,
goldwell,Goldwell,internacional,0,0,0.0,🔴 vazio,⚪ N/A,missing_url,URL nao cadastrada em brands.json. Adicionar e rodar discovery.,,active,
gotas-verdes,Gotas Verdes,outras,0,0,0.0,🔴 vazio,⚪ N/A,missing_url,URL nao cadastrada em brands.json. Adicionar e rodar discovery.,,active,
grandha,Grandha,outras,0,0,0.0,🔴 vazio,⚪ N/A,missing_url,URL nao cadastrada em brands.json. Adicionar e rodar discovery.,,active,
grecin,Grecin,outras,0,0,0.0,🔴 vazio,⚪ N/A,missing_url,URL nao cadastrada em brands.json. Adicionar e rodar discovery.,,active,
grown-alchemist,Grown Alchemist,outras,0,0,0.0,🔴 vazio,⚪ N/A,missing_url,URL nao cadastrada em brands.json. Adicionar e rodar discovery.,,active,
guerlain,Guerlain,outras,0,0,0.0,🔴 vazio,⚪ N/A,missing_url,URL nao cadastrada em brands.json. Adicionar e rodar discovery.,,active,
habito-cosmeticos,Hábito Cosméticos,outras,0,0,0.0,🔴 vazio,⚪ N/A,missing_url,URL nao cadastrada em brands.json. Adicionar e rodar discovery.,,active,
haissa-profissional,Haissa Profissional,outras,0,0,0.0,🔴 vazio,⚪ N/A,missing_url,URL nao cadastrada em brands.json. Adicionar e rodar discovery.,,active,
hamarys-cosmetic,Hamarys Cosmetic,outras,0,0,0.0,🔴 vazio,⚪ N/A,missing_url,URL nao cadastrada em brands.json. Adicionar e rodar discovery.,,active,
hanna-professional,Hanna Professional,outras,0,0,0.0,🔴 vazio,⚪ N/A,missing_url,URL nao cadastrada em brands.json. Adicionar e rodar discovery.,,active,
hanova,Hanova,outras,0,0,0.0,🔴 vazio,⚪ N/A,missing_url,URL nao cadastrada em brands.json. Adicionar e rodar discovery.,,active,
hbeauty-professional,HBeauty Professional,outras,0,0,0.0,🔴 vazio,⚪ N/A,missing_url,URL nao cadastrada em brands.json. Adicionar e rodar discovery.,,active,
hboni,Hboni,outras,0,0,0.0,🔴 vazio,⚪ N/A,missing_url,URL nao cadastrada em brands.json. Adicionar e rodar discovery.,,active,
head-shoulders,Head & Shoulders,outras,0,0,0.0,🔴 vazio,⚪ N/A,missing_url,URL nao cadastrada em brands.json. Adicionar e rodar discovery.,,active,
herbal-essences,Herbal Essences,internacional,0,0,0.0,🔴 vazio,⚪ N/A,missing_url,URL nao cadastrada em brands.json. Adicionar e rodar discovery.,,active,
hi-hair-care,Hi Hair Care,outras,0,0,0.0,🔴 vazio,⚪ N/A,missing_url,URL nao cadastrada em brands.json. Adicionar e rodar discovery.,,active,
hidralise,Hidralise,outras,0,0,0.0,🔴 vazio,⚪ N/A,missing_url,URL nao cadastrada em brands.json. Adicionar e rodar discovery.,,active,
hidraliso,Hidraliso,outras,0,0,0.0,🔴 vazio,⚪ N/A,missing_url,URL nao cadastrada em brands.json. Adicionar e rodar discovery.,,active,
hiritu,Hiritu,outras,0,0,0.0,🔴 vazio,⚪ N/A,missing_url,URL nao cadastrada em brands.json. Adicionar e rodar discovery.,,active,
hobety-profissional,Hobety Profissional,outras,0,0,0.0,🔴 vazio,⚪ N/A,missing_url,URL nao cadastrada em brands.json. Adicionar e rodar discovery.,,active,
hoka-professional,Hoka Professional,outras,0,0,0.0,🔴 vazio,⚪ N/A,missing_url,URL nao cadastrada em brands.json. Adicionar e rodar discovery.,,active,
homme-marine,Homme Marine,outras,0,0,0.0,🔴 vazio,⚪ N/A,missing_url,URL nao cadastrada em brands.json. Adicionar e rodar discovery.,,active,
huggies,Huggies,outras,0,0,0.0,🔴 vazio,⚪ N/A,missing_url,URL nao cadastrada em brands.json. Adicionar e rodar discovery.,,active,
human,Human,outras,0,0,0.0,🔴 vazio,⚪ N/A,missing_url,URL nao cadastrada em brands.json. Adicionar e rodar discovery.,,active,
igk,IGK,outras,0,0,0.0,🔴 vazio,⚪ N/A,missing_url,URL nao cadastrada em brands.json. Adicionar e rodar discovery.,,active,
ilike-professional,iLike Professional,outras,0,0,0.0,🔴 vazio,⚪ N/A,missing_url,URL nao cadastrada em brands.json. Adicionar e rodar discovery.,,active,
imabelle,Imabelle,outras,0,0,0.0,🔴 vazio,⚪ N/A,missing_url,URL nao cadastrada em brands.json. Adicionar e rodar discovery.,,active,
imagination,Imagination,outras,0,0,0.0,🔴 vazio,⚪ N/A,missing_url,URL nao cadastrada em brands.json. Adicionar e rodar discovery.,,active,
imecap,Imecap,outras,0,0,0.0,🔴 vazio,⚪ N/A,missing_url,URL nao cadastrada em brands.json. Adicionar e rodar discovery.,,active,
in-voga,In Voga,outras,0,0,0.0,🔴 vazio,⚪ N/A,missing_url,URL nao cadastrada em brands.json. Adicionar e rodar discovery.,,active,
inblue-professional,InBlue Professional,outras,0,0,0.0,🔴 vazio,⚪ N/A,missing_url,URL nao cadastrada em brands.json. Adicionar e rodar discovery.,,active,
instinto-natural,Instinto Natural,outras,0,0,0.0,🔴 vazio,⚪ N/A,missing_url,URL nao cadastrada em brands.json. Adicionar e rodar discovery.,,active,
iorus-professional,Iórus Professional,outras,0,0,0.0,🔴 vazio,⚪ N/A,missing_url,URL nao cadastrada em brands.json. Adicionar e rodar discovery.,,active,
issue-professional,Issue Professional,outras,0,0,0.0,🔴 vazio,⚪ N/A,missing_url,URL nao cadastrada em brands.json. Adicionar e rodar discovery.,,active,
itallian-hairtech,Itallian Hairtech,outras,0,0,0.0,🔴 vazio,⚪ N/A,missing_url,URL nao cadastrada em brands.json. Adicionar e rodar discovery.,,active,
itely-hairfashion,Itely Hairfashion,outras,0,0,0.0,🔴 vazio,⚪ N/A,missing_url,URL nao cadastrada em brands.json. Adicionar e rodar discovery.,,active,
iti-hair-profissional,Iti Hair Profissional,outras,0,0,0.0,🔴 vazio,⚪ N/A,missing_url,URL nao cadastrada em brands.json. Adicionar e rodar discovery.,,active,
its-a-10,It’s A 10,outras,0,0,0.0,🔴 vazio,⚪ N/A,missing_url,URL nao cadastrada em brands.json. Adicionar e rodar discovery.,,active,
ix1975,IX1975,outras,0,0,0.0,🔴 vazio,⚪ N/A,missing_url,URL nao cadastrada em brands.json. Adicionar e rodar discovery.,,active,
j-beverly-hills,J Beverly Hills,outras,0,0,0.0,🔴 vazio,⚪ N/A,missing_url,URL nao cadastrada em brands.json. Adicionar e rodar discovery.,,active,
jacques-janine-professionnel,Jacques Janine Professionnel,outras,0,0,0.0,🔴 vazio,⚪ N/A,missing_url,URL nao cadastrada em brands.json. Adicionar e rodar discovery.,,active,
japinha-cosmeticos,Japinha Cosméticos,outras,0,0,0.0,🔴 vazio,⚪ N/A,missing_url,URL nao cadastrada em brands.json. Adicionar e rodar discovery.,,active,
john-frieda,John Frieda,outras,0,0,0.0,🔴 vazio,⚪ N/A,missing_url,URL nao cadastrada em brands.json. Adicionar e rodar discovery.,,active,
john-masters-organics,John Masters Organics,outras,0,0,0.0,🔴 vazio,⚪ N/A,missing_url,URL nao cadastrada em brands.json. Adicionar e rodar discovery.,,active,
johnsons-baby,Johnsons Baby,outras,0,0,0.0,🔴 vazio,⚪ N/A,missing_url,URL nao cadastrada em brands.json. Adicionar e rodar discovery.,,active,28
jyothi-cosmeticos,Jyothi Cosméticos,outras,0,0,0.0,🔴 vazio,⚪ N/A,missing_url,URL nao cadastrada em brands.json. Adicionar e rodar discovery.,,active,
k-pro,K.Pro,outras,0,0,0.0,🔴 vazio,⚪ N/A,missing_url,URL nao cadastrada em brands.json. Adicionar e rodar discovery.,,active,
k18,K18,outras,0,0,0.0,🔴 vazio,⚪ N/A,missing_url,URL nao cadastrada em brands.json. Adicionar e rodar discovery.,,active,
kadma-kweeze,Kadma Kweeze,outras,0,0,0.0,🔴 vazio,⚪ N/A,missing_url,URL nao cadastrada em brands.json. Adicionar e rodar discovery.,,active,
kali-cosmetics,Kali Cosmetics,outras,0,0,0.0,🔴 vazio,⚪ N/A,missing_url,URL nao cadastrada em brands.json. Adicionar e rodar discovery.,,active,
kamaleao-color,Kamaleão Color,nacional,0,0,0.0,🔴 vazio,⚪ N/A,missing_url,URL nao cadastrada em brands.json. Adicionar e rodar discovery.,,active,
kelma,Kelma,outras,0,0,0.0,🔴 vazio,⚪ N/A,missing_url,URL nao cadastrada em brands.json. Adicionar e rodar discovery.,,active,
kelse-pro-skin,Kelse Pro Skin,outras,0,0,0.0,🔴 vazio,⚪ N/A,missing_url,URL nao cadastrada em brands.json. Adicionar e rodar discovery.,,active,
keranique,Keranique,outras,0,0,0.0,🔴 vazio,⚪ N/A,missing_url,URL nao cadastrada em brands.json. Adicionar e rodar discovery.,,active,
keratherapy,Keratherapy,nacional,0,0,0.0,🔴 vazio,⚪ N/A,missing_url,URL nao cadastrada em brands.json. Adicionar e rodar discovery.,,active,
keratin-complex,Keratin Complex,outras,0,0,0.0,🔴 vazio,⚪ N/A,missing_url,URL nao cadastrada em brands.json. Adicionar e rodar discovery.,,active,
keraton,Keraton,outras,0,0,0.0,🔴 vazio,⚪ N/A,missing_url,URL nao cadastrada em brands.json. Adicionar e rodar discovery.,,active,
kevin-murphy,Kevin.Murphy,outras,0,0,0.0,🔴 vazio,⚪ N/A,missing_url,URL nao cadastrada em brands.json. Adicionar e rodar discovery.,,active,
khalili-for-woman,Khalili For Woman,outras,0,0,0.0,🔴 vazio,⚪ N/A,missing_url,URL nao cadastrada em brands.json. Adicionar e rodar discovery.,,active,
kiehls,Kiehl’s,outras,0,0,0.0,🔴 vazio,⚪ N/A,missing_url,URL nao cadastrada em brands.json. Adicionar e rodar discovery.,,active,
kimberly-clark-huggies,Kimberly-Clark (Huggies),outras,0,0,0.0,🔴 vazio,⚪ N/A,missing_url,URL nao cadastrada em brands.json. Adicionar e rodar discovery.,,active,29
kiron-cosmeticos,Kiron Cosméticos,outras,0,0,0.0,🔴 vazio,⚪ N/A,missing_url,URL nao cadastrada em brands.json. Adicionar e rodar discovery.,,active,
klorane,Klorane,outras,0,0,0.0,🔴 vazio,⚪ N/A,missing_url,URL nao cadastrada em brands.json. Adicionar e rodar discovery.,,active,
kms-california,KMS California,outras,0,0,0.0,🔴 vazio,⚪ N/A,missing_url,URL nao cadastrada em brands.json. Adicionar e rodar discovery.,,active,
kostume,Kostume,outras,0,0,0.0,🔴 vazio,⚪ N/A,missing_url,URL nao cadastrada em brands.json. Adicionar e rodar discovery.,,active,
l-a,L&A,outras,0,0,0.0,🔴 vazio,⚪ N/A,missing_url,URL nao cadastrada em brands.json. Adicionar e rodar discovery.,,active,
l-occitane-au-bresil,L'Occitane au Brésil,outras,0,0,0.0,🔴 vazio,⚪ N/A,missing_url,URL nao cadastrada em brands.json. Adicionar e rodar discovery.,,active,
l-occitane-en-provance,L'Occitane en Provance,outras,0,0,0.0,🔴 vazio,⚪ N/A,missing_url,URL nao cadastrada em brands.json. Adicionar e rodar discovery.,,active,34
l-ovenze-professional,L'ovenze Professional,outras,0,0,0.0,🔴 vazio,⚪ N/A,missing_url,URL nao cadastrada em brands.json. Adicionar e rodar discovery.,,active,
la-cosmeticos,La Cosmeticos,outras,0,0,0.0,🔴 vazio,⚪ N/A,missing_url,URL nao cadastrada em brands.json. Adicionar e rodar discovery.,,active,
la-malagueta-cosmeticos,La Malagueta Cosméticos,outras,0,0,0.0,🔴 vazio,⚪ N/A,missing_url,URL nao cadastrada em brands.json. Adicionar e rodar discovery.,,active,
la-roche-posay,La Roche-Posay,outras,0,0,0.0,🔴 vazio,⚪ N/A,missing_url,URL nao cadastrada em brands.json. Adicionar e rodar discovery.,,active,5
lagares-profissional,Lagares Profissional,outras,0,0,0.0,🔴 vazio,⚪ N/A,missing_url,URL nao cadastrada em brands.json. Adicionar e rodar discovery.,,active,
lakkoa,Lakkoa,outras,0,0,0.0,🔴 vazio,⚪ N/A,missing_url,URL nao cadastrada em brands.json. Adicionar e rodar discovery.,,active,
lamine,La’Mine,outras,0,0,0.0,🔴 vazio,⚪ N/A,missing_url,URL nao cadastrada em brands.json. Adicionar e rodar discovery.,,active,
lanza,Lanza,outras,0,0,0.0,🔴 vazio,⚪ N/A,missing_url,URL nao cadastrada em brands.json. Adicionar e rodar discovery.,,active,
lavera,Lavera,outras,0,0,0.0,🔴 vazio,⚪ N/A,missing_url,URL nao cadastrada em brands.json. Adicionar e rodar discovery.,,active,
layrite,Layrite,outras,0,0,0.0,🔴 vazio,⚪ N/A,missing_url,URL nao cadastrada em brands.json. Adicionar e rodar discovery.,,active,
lcs-hair-care,LCS Hair Care,outras,0,0,0.0,🔴 vazio,⚪ N/A,missing_url,URL nao cadastrada em brands.json. Adicionar e rodar discovery.,,active,
le-charme-s-cosmeticos,Lé Charme's Cosméticos,outras,0,0,0.0,🔴 vazio,⚪ N/A,missing_url,URL nao cadastrada em brands.json. Adicionar e rodar discovery.,,active,
le-clique,Le Cliqué,outras,0,0,0.0,🔴 vazio,⚪ N/A,missing_url,URL nao cadastrada em brands.json. Adicionar e rodar discovery.,,active,
le-labo,Le Labo,outras,0,0,0.0,🔴 vazio,⚪ N/A,missing_url,URL nao cadastrada em brands.json. Adicionar e rodar discovery.,,active,
le-pro-cosmetics,Le Prö Cosmetics,outras,0,0,0.0,🔴 vazio,⚪ N/A,missing_url,URL nao cadastrada em brands.json. Adicionar e rodar discovery.,,active,
leader-cam,Leader Cam,outras,0,0,0.0,🔴 vazio,⚪ N/A,missing_url,URL nao cadastrada em brands.json. Adicionar e rodar discovery.,,active,
leel-s,Leel's,outras,0,0,0.0,🔴 vazio,⚪ N/A,missing_url,URL nao cadastrada em brands.json. Adicionar e rodar discovery.,,active,
leonor-greyl,Leonor Greyl,outras,0,0,0.0,🔴 vazio,⚪ N/A,missing_url,URL nao cadastrada em brands.json. Adicionar e rodar discovery.,,active,
lg-terapia-capilar,LG Terapia Capilar,outras,0,0,0.0,🔴 vazio,⚪ N/A,missing_url,URL nao cadastrada em brands.json. Adicionar e rodar discovery.,,active,
light-hair-professional,Light Hair Professional,outras,0,0,0.0,🔴 vazio,⚪ N/A,missing_url,URL nao cadastrada em brands.json. Adicionar e rodar discovery.,,active,
limme-cosmeticos,Limmê Cosméticos,outras,0,0,0.0,🔴 vazio,⚪ N/A,missing_url,URL nao cadastrada em brands.json. Adicionar e rodar discovery.,,active,
lion,Lion,outras,0,0,0.0,🔴 vazio,⚪ N/A,missing_url,URL nao cadastrada em brands.json. Adicionar e rodar discovery.,,active,
liso-de-dalia,Liso de Dália,outras,0,0,0.0,🔴 vazio,⚪ N/A,missing_url,URL nao cadastrada em brands.json. Adicionar e rodar discovery.,,active,
living-proof,Living Proof,internacional,0,0,0.0,🔴 vazio,⚪ N/A,missing_url,URL nao cadastrada em brands.json. Adicionar e rodar discovery.,,active,
lizz-professional,Lizz Professional,outras,0,0,0.0,🔴 vazio,⚪ N/A,missing_url,URL nao cadastrada em brands.json. Adicionar e rodar discovery.,,active,
lof-professional,LOF Professional,outras,0,0,0.0,🔴 vazio,⚪ N/A,missing_url,URL nao cadastrada em brands.json. Adicionar e rodar discovery.,,active,
lokenzzi,Lokenzzi,outras,0,0,0.0,🔴 vazio,⚪ N/A,missing_url,URL nao cadastrada em brands.json. Adicionar e rodar discovery.,,active,
lola-from-rio,Lola From Rio,nacional,0,0,0.0,🔴 vazio,⚪ N/A,missing_url,URL nao cadastrada em brands.json. Adicionar e rodar discovery.,,active,
looren,LOÓREN,outras,0,0,0.0,🔴 vazio,⚪ N/A,missing_url,URL nao cadastrada em brands.json. Adicionar e rodar discovery.,,active,
loreal-professionel,Loreal Professionel,outras,0,0,0.0,🔴 vazio,⚪ N/A,missing_url,URL nao cadastrada em brands.json. Adicionar e rodar discovery.,,active,1
lowell,Lowell,outras,0,0,0.0,🔴 vazio,⚪ N/A,missing_url,URL nao cadastrada em brands.json. Adicionar e rodar discovery.,,active,
lucido-l,Lucido-L,outras,0,0,0.0,🔴 vazio,⚪ N/A,missing_url,URL nao cadastrada em brands.json. Adicionar e rodar discovery.,,active,
lucky-trendy,Lucky Trendy,outras,0,0,0.0,🔴 vazio,⚪ N/A,missing_url,URL nao cadastrada em brands.json. Adicionar e rodar discovery.,,active,
luminositta-professional,Luminosittà Professional,outras,0,0,0.0,🔴 vazio,⚪ N/A,missing_url,URL nao cadastrada em brands.json. Adicionar e rodar discovery.,,active,
lunna-shop,Lunna Shop,outras,0,0,0.0,🔴 vazio,⚪ N/A,missing_url,URL nao cadastrada em brands.json. Adicionar e rodar discovery.,,active,
m-lore-cosmetics,M.lore Cosmetics,outras,0,0,0.0,🔴 vazio,⚪ N/A,missing_url,URL nao cadastrada em brands.json. Adicionar e rodar discovery.,,active,
mab-marco-antonio-de-biaggi,MAB Marco Antônio de Biaggi,outras,0,0,0.0,🔴 vazio,⚪ N/A,missing_url,URL nao cadastrada em brands.json. Adicionar e rodar discovery.,,active,
macadamia-natural-oil,Macadamia Natural Oil,outras,0,0,0.0,🔴 vazio,⚪ N/A,missing_url,URL nao cadastrada em brands.json. Adicionar e rodar discovery.,,active,
macpaul-professional,Macpaul Professional,outras,0,0,0.0,🔴 vazio,⚪ N/A,missing_url,URL nao cadastrada em brands.json. Adicionar e rodar discovery.,,active,
madamelis-profissional,Madamelis Profissional,outras,0,0,0.0,🔴 vazio,⚪ N/A,missing_url,URL nao cadastrada em brands.json. Adicionar e rodar discovery.,,active,
magic-beauty,Magic Beauty,outras,0,0,0.0,🔴 vazio,⚪ N/A,missing_url,URL nao cadastrada em brands.json. Adicionar e rodar discovery.,,active,
magic-color,Magic Color,outras,0,0,0.0,🔴 vazio,⚪ N/A,missing_url,URL nao cadastrada em brands.json. Adicionar e rodar discovery.,,active,
magic-science,Magic Science,outras,0,0,0.0,🔴 vazio,⚪ N/A,missing_url,URL nao cadastrada em brands.json. Adicionar e rodar discovery.,,out_of_scope,
mairibel,Mairibel,outras,0,0,0.0,🔴 vazio,⚪ N/A,missing_url,URL nao cadastrada em brands.json. Adicionar e rodar discovery.,,active,
mantecorp,Mantecorp,nacional,0,0,0.0,🔴 vazio,⚪ N/A,missing_url,URL nao cadastrada em brands.json. Adicionar e rodar discovery.,,active,42
marco-boni,Marco Boni,outras,0,0,0.0,🔴 vazio,⚪ N/A,missing_url,URL nao cadastrada em brands.json. Adicionar e rodar discovery.,,active,
mari-morena,Mari Morena,outras,0,0,0.0,🔴 vazio,⚪ N/A,missing_url,URL nao cadastrada em brands.json. Adicionar e rodar discovery.,,active,
maria-escandalosa,Maria Escandalosa,outras,0,0,0.0,🔴 vazio,⚪ N/A,missing_url,URL nao cadastrada em brands.json. Adicionar e rodar discovery.,,active,
maria-head-hair-spa,Mariá Head & Hair Spa,outras,0,0,0.0,🔴 vazio,⚪ N/A,missing_url,URL nao cadastrada em brands.json. Adicionar e rodar discovery.,,active,
mario-badescu,Mario Badescu,outras,0,0,0.0,🔴 vazio,⚪ N/A,missing_url,URL nao cadastrada em brands.json. Adicionar e rodar discovery.,,active,
martiderm,MartiDerm,outras,0,0,0.0,🔴 vazio,⚪ N/A,missing_url,URL nao cadastrada em brands.json. Adicionar e rodar discovery.,,active,
mary-life,Mary Life,outras,0,0,0.0,🔴 vazio,⚪ N/A,missing_url,URL nao cadastrada em brands.json. Adicionar e rodar discovery.,,active,
masil,Masil,outras,0,0,0.0,🔴 vazio,⚪ N/A,missing_url,URL nao cadastrada em brands.json. Adicionar e rodar discovery.,,active,
match,Match.,outras,0,0,0.0,🔴 vazio,⚪ N/A,missing_url,URL nao cadastrada em brands.json. Adicionar e rodar discovery.,,active,
matrix,Matrix,internacional,0,0,0.0,🔴 vazio,⚪ N/A,missing_url,URL nao cadastrada em brands.json. Adicionar e rodar discovery.,,active,
maui-moisture,Maui Moisture,outras,0,0,0.0,🔴 vazio,⚪ N/A,missing_url,URL nao cadastrada em brands.json. Adicionar e rodar discovery.,,active,
maxilluring,Maxilluring,outras,0,0,0.0,🔴 vazio,⚪ N/A,missing_url,URL nao cadastrada em brands.json. Adicionar e rodar discovery.,,active,
maxton,Maxton,outras,0,0,0.0,🔴 vazio,⚪ N/A,missing_url,URL nao cadastrada em brands.json. Adicionar e rodar discovery.,,active,
maycrene,Maycrene,outras,0,0,0.0,🔴 vazio,⚪ N/A,missing_url,URL nao cadastrada em brands.json. Adicionar e rodar discovery.,,active,
medicasp,Medicasp,outras,0,0,0.0,🔴 vazio,⚪ N/A,missing_url,URL nao cadastrada em brands.json. Adicionar e rodar discovery.,,active,
mega-profissional,Mega Profissional,outras,0,0,0.0,🔴 vazio,⚪ N/A,missing_url,URL nao cadastrada em brands.json. Adicionar e rodar discovery.,,active,
meidu,Meidu,outras,0,0,0.0,🔴 vazio,⚪ N/A,missing_url,URL nao cadastrada em brands.json. Adicionar e rodar discovery.,,active,
mel-black,Mel Black,outras,0,0,0.0,🔴 vazio,⚪ N/A,missing_url,URL nao cadastrada em brands.json. Adicionar e rodar discovery.,,active,
melvita,Melvita,outras,0,0,0.0,🔴 vazio,⚪ N/A,missing_url,URL nao cadastrada em brands.json. Adicionar e rodar discovery.,,active,
meraki,Meráki,outras,0,0,0.0,🔴 vazio,⚪ N/A,missing_url,URL nao cadastrada em brands.json. Adicionar e rodar discovery.,,active,
meu-q,Meu Q,outras,0,0,0.0,🔴 vazio,⚪ N/A,missing_url,URL nao cadastrada em brands.json. Adicionar e rodar discovery.,,active,
midori-profissional,Midori Profissional,outras,0,0,0.0,🔴 vazio,⚪ N/A,missing_url,URL nao cadastrada em brands.json. Adicionar e rodar discovery.,,active,
milbon,Milbon,outras,0,0,0.0,🔴 vazio,⚪ N/A,missing_url,URL nao cadastrada em brands.json. Adicionar e rodar discovery.,,active,
milk-shake,milk_shake,internacional,0,0,0.0,🔴 vazio,⚪ N/A,missing_url,URL nao cadastrada em brands.json. Adicionar e rodar discovery.,,active,
mirum-kosmetikos,Mirum Kosmétikos,outras,0,0,0.0,🔴 vazio,⚪ N/A,missing_url,URL nao cadastrada em brands.json. Adicionar e rodar discovery.,,active,
mise-en-scene,Mise en Scène,outras,0,0,0.0,🔴 vazio,⚪ N/A,missing_url,URL nao cadastrada em brands.json. Adicionar e rodar discovery.,,active,
mixim-potion,Mixim Potion,outras,0,0,0.0,🔴 vazio,⚪ N/A,missing_url,URL nao cadastrada em brands.json. Adicionar e rodar discovery.,,active,
moist-diane,Moist Diane,outras,0,0,0.0,🔴 vazio,⚪ N/A,missing_url,URL nao cadastrada em brands.json. Adicionar e rodar discovery.,,active,
mojo,Mojo,outras,0,0,0.0,🔴 vazio,⚪ N/A,missing_url,URL nao cadastrada em brands.json. Adicionar e rodar discovery.,,active,
molton-brown,Molton Brown,outras,0,0,0.0,🔴 vazio,⚪ N/A,missing_url,URL nao cadastrada em brands.json. Adicionar e rodar discovery.,,active,
monohair-professional,Monohair Professional,outras,0,0,0.0,🔴 vazio,⚪ N/A,missing_url,URL nao cadastrada em brands.json. Adicionar e rodar discovery.,,active,
moroccanoil,Moroccanoil,internacional,0,0,0.0,🔴 vazio,⚪ N/A,missing_url,URL nao cadastrada em brands.json. Adicionar e rodar discovery.,,active,
mq-beauty,MQ Beauty,outras,0,0,0.0,🔴 vazio,⚪ N/A,missing_url,URL nao cadastrada em brands.json. Adicionar e rodar discovery.,,active,
mq-professional,MQ Professional,outras,0,0,0.0,🔴 vazio,⚪ N/A,missing_url,URL nao cadastrada em brands.json. Adicionar e rodar discovery.,,active,
msa-cosmeticos,Msa Cosmeticos,outras,0,0,0.0,🔴 vazio,⚪ N/A,missing_url,URL nao cadastrada em brands.json. Adicionar e rodar discovery.,,active,
mutari,Mutari,outras,0,0,0.0,🔴 vazio,⚪ N/A,missing_url,URL nao cadastrada em brands.json. Adicionar e rodar discovery.,,active,
myhealth,MyHealth,outras,0,0,0.0,🔴 vazio,⚪ N/A,missing_url,URL nao cadastrada em brands.json. Adicionar e rodar discovery.,,active,
naelly-st-professional,Naelly ST Professional,outras,0,0,0.0,🔴 vazio,⚪ N/A,missing_url,URL nao cadastrada em brands.json. Adicionar e rodar discovery.,,active,
nando-vasconcelos,Nando Vasconcelos,outras,0,0,0.0,🔴 vazio,⚪ N/A,missing_url,URL nao cadastrada em brands.json. Adicionar e rodar discovery.,,active,
nathydras,NATHYDRAS,outras,0,0,0.0,🔴 vazio,⚪ N/A,missing_url,URL nao cadastrada em brands.json. Adicionar e rodar discovery.,,active,
natucor,Natucor,outras,0,0,0.0,🔴 vazio,⚪ N/A,missing_url,URL nao cadastrada em brands.json. Adicionar e rodar discovery.,,active,
natumaxx,NatuMaxx,outras,0,0,0.0,🔴 vazio,⚪ N/A,missing_url,URL nao cadastrada em brands.json. Adicionar e rodar discovery.,,active,
natural-beauty,Natural Beauty,outras,0,0,0.0,🔴 vazio,⚪ N/A,missing_url,URL nao cadastrada em brands.json. Adicionar e rodar discovery.,,active,
naturiun,Naturiun,outras,0,0,0.0,🔴 vazio,⚪ N/A,missing_url,URL nao cadastrada em brands.json. Adicionar e rodar discovery.,,active,
natury-s,Natury's,outras,0,0,0.0,🔴 vazio,⚪ N/A,missing_url,URL nao cadastrada em brands.json. Adicionar e rodar discovery.,,active,
neez,Neez,outras,0,0,0.0,🔴 vazio,⚪ N/A,missing_url,URL nao cadastrada em brands.json. Adicionar e rodar discovery.,,active,
neuma,Neuma,outras,0,0,0.0,🔴 vazio,⚪ N/A,missing_url,URL nao cadastrada em brands.json. Adicionar e rodar discovery.,,active,
nick-vick,Nick & Vick,outras,0,0,0.0,🔴 vazio,⚪ N/A,missing_url,URL nao cadastrada em brands.json. Adicionar e rodar discovery.,,active,
niely,Niely,outras,0,0,0.0,🔴 vazio,⚪ N/A,missing_url,URL nao cadastrada em brands.json. Adicionar e rodar discovery.,,active,
nioxin,Nioxin,outras,0,0,0.0,🔴 vazio,⚪ N/A,missing_url,URL nao cadastrada em brands.json. Adicionar e rodar discovery.,,active,
nivodare-professional,Nivodare Professional,outras,0,0,0.0,🔴 vazio,⚪ N/A,missing_url,URL nao cadastrada em brands.json. Adicionar e rodar discovery.,,active,
noodle-boo,Noodle & Boo,outras,0,0,0.0,🔴 vazio,⚪ N/A,missing_url,URL nao cadastrada em brands.json. Adicionar e rodar discovery.,,active,
not-your-mother-s,Not Your Mother's,outras,0,0,0.0,🔴 vazio,⚪ N/A,missing_url,URL nao cadastrada em brands.json. Adicionar e rodar discovery.,,active,
noue,Nouê,nacional,0,0,0.0,🔴 vazio,⚪ N/A,missing_url,URL nao cadastrada em brands.json. Adicionar e rodar discovery.,,active,
novex,Novex,nacional,0,0,0.0,🔴 vazio,⚪ N/A,missing_url,URL nao cadastrada em brands.json. Adicionar e rodar discovery.,,active,
nuance-professional,Nuance Professional,outras,0,0,0.0,🔴 vazio,⚪ N/A,missing_url,URL nao cadastrada em brands.json. Adicionar e rodar discovery.,,active,
nuno-cosmeticos-naturais,Nuno Cosméticos Naturais,outras,0,0,0.0,🔴 vazio,⚪ N/A,missing_url,URL nao cadastrada em brands.json. Adicionar e rodar discovery.,,active,
nupill,Nupill,outras,0,0,0.0,🔴 vazio,⚪ N/A,missing_url,URL nao cadastrada em brands.json. Adicionar e rodar discovery.,,active,
nutrat,Nutrat,outras,0,0,0.0,🔴 vazio,⚪ N/A,missing_url,URL nao cadastrada em brands.json. Adicionar e rodar discovery.,,active,
nyaliss-beauty,Nyaliss Beauty,outras,0,0,0.0,🔴 vazio,⚪ N/A,missing_url,URL nao cadastrada em brands.json. Adicionar e rodar discovery.,,active,
nyata-cosmeticos,Nyata Cosméticos,outras,0,0,0.0,🔴 vazio,⚪ N/A,missing_url,URL nao cadastrada em brands.json. Adicionar e rodar discovery.,,active,
o-lobo-do-mar,O Lobo do Mar,outras,0,0,0.0,🔴 vazio,⚪ N/A,missing_url,URL nao cadastrada em brands.json. Adicionar e rodar discovery.,,active,
obliphica-cosmeticos,Obliphica Cosméticos,outras,0,0,0.0,🔴 vazio,⚪ N/A,missing_url,URL nao cadastrada em brands.json. Adicionar e rodar discovery.,,active,
oe-nani,Oe Nani,nacional,0,0,0.0,🔴 vazio,⚪ N/A,missing_url,URL nao cadastrada em brands.json. Adicionar e rodar discovery.,,active,
oeje-brazil,Oeje Brazil,outras,0,0,0.0,🔴 vazio,⚪ N/A,missing_url,URL nao cadastrada em brands.json. Adicionar e rodar discovery.,,active,
ogx-organix,OGX (Organix),outras,0,0,0.0,🔴 vazio,⚪ N/A,missing_url,URL nao cadastrada em brands.json. Adicionar e rodar discovery.,,active,
olaplex,Olaplex,internacional,0,0,0.0,🔴 vazio,⚪ N/A,missing_url,URL nao cadastrada em brands.json. Adicionar e rodar discovery.,,active,
oncosmetic,Oncosmetic,outras,0,0,0.0,🔴 vazio,⚪ N/A,missing_url,URL nao cadastrada em brands.json. Adicionar e rodar discovery.,,active,
onixx-brasil,Onixx Brasil,outras,0,0,0.0,🔴 vazio,⚪ N/A,missing_url,URL nao cadastrada em brands.json. Adicionar e rodar discovery.,,active,
oribe,Oribe,outras,0,0,0.0,🔴 vazio,⚪ N/A,missing_url,URL nao cadastrada em brands.json. Adicionar e rodar discovery.,,active,
original-sprout,Original Sprout,outras,0,0,0.0,🔴 vazio,⚪ N/A,missing_url,URL nao cadastrada em brands.json. Adicionar e rodar discovery.,,active,
orofluido,Orofluido,outras,0,0,0.0,🔴 vazio,⚪ N/A,missing_url,URL nao cadastrada em brands.json. Adicionar e rodar discovery.,,active,
ouidad,Ouidad,internacional,0,0,0.0,🔴 vazio,⚪ N/A,missing_url,URL nao cadastrada em brands.json. Adicionar e rodar discovery.,,active,
ouribel-cosmeticos,Ouribel Cosméticos,outras,0,0,0.0,🔴 vazio,⚪ N/A,missing_url,URL nao cadastrada em brands.json. Adicionar e rodar discovery.,,active,
oway,Oway,outras,0,0,0.0,🔴 vazio,⚪ N/A,missing_url,URL nao cadastrada em brands.json. Adicionar e rodar discovery.,,active,
oxe-cosmetics,Oxê Cosmetics,outras,0,0,0.0,🔴 vazio,⚪ N/A,missing_url,URL nao cadastrada em brands.json. Adicionar e rodar discovery.,,active,
p-lattelli-profissional,P'lattélli Profissional,outras,0,0,0.0,🔴 vazio,⚪ N/A,missing_url,URL nao cadastrada em brands.json. Adicionar e rodar discovery.,,active,
palmers,Palmer’s,outras,0,0,0.0,🔴 vazio,⚪ N/A,missing_url,URL nao cadastrada em brands.json. Adicionar e rodar discovery.,,active,
palmolive,Palmolive,outras,0,0,0.0,🔴 vazio,⚪ N/A,missing_url,URL nao cadastrada em brands.json. Adicionar e rodar discovery.,,active,
papel-para-mechas,Papel para Mechas,outras,0,0,0.0,🔴 vazio,⚪ N/A,missing_url,URL nao cadastrada em brands.json. Adicionar e rodar discovery.,,active,
paresi-nature,Paresí Nature,outras,0,0,0.0,🔴 vazio,⚪ N/A,missing_url,URL nao cadastrada em brands.json. Adicionar e rodar discovery.,,active,
patrono,Patrono,outras,0,0,0.0,🔴 vazio,⚪ N/A,missing_url,URL nao cadastrada em brands.json. Adicionar e rodar discovery.,,active,
paul-mitchell,Paul Mitchell,internacional,0,0,0.0,🔴 vazio,⚪ N/A,missing_url,URL nao cadastrada em brands.json. Adicionar e rodar discovery.,,active,
payot,Payot,outras,0,0,0.0,🔴 vazio,⚪ N/A,missing_url,URL nao cadastrada em brands.json. Adicionar e rodar discovery.,,active,
pelo-baum,Pelo Baum,outras,0,0,0.0,🔴 vazio,⚪ N/A,missing_url,URL nao cadastrada em brands.json. Adicionar e rodar discovery.,,active,
peter-thomas-roth,Peter Thomas Roth,outras,0,0,0.0,🔴 vazio,⚪ N/A,missing_url,URL nao cadastrada em brands.json. Adicionar e rodar discovery.,,active,
petre-cosmetics,Pétre Cosmetics,outras,0,0,0.0,🔴 vazio,⚪ N/A,missing_url,URL nao cadastrada em brands.json. Adicionar e rodar discovery.,,active,
phamda-professional,pHAMDÁ Professional,outras,0,0,0.0,🔴 vazio,⚪ N/A,missing_url,URL nao cadastrada em brands.json. Adicionar e rodar discovery.,,active,
pharma,Pharma,outras,0,0,0.0,🔴 vazio,⚪ N/A,missing_url,URL nao cadastrada em brands.json. Adicionar e rodar discovery.,,active,
pharmacy-botanicals,Pharmacy Botanicals,outras,0,0,0.0,🔴 vazio,⚪ N/A,missing_url,URL nao cadastrada em brands.json. Adicionar e rodar discovery.,,active,
philip-b,Philip B,outras,0,0,0.0,🔴 vazio,⚪ N/A,missing_url,URL nao cadastrada em brands.json. Adicionar e rodar discovery.,,active,
philip-kingsley,Philip Kingsley,outras,0,0,0.0,🔴 vazio,⚪ N/A,missing_url,URL nao cadastrada em brands.json. Adicionar e rodar discovery.,,active,
philips-walita,Philips Walita,outras,0,0,0.0,🔴 vazio,⚪ N/A,missing_url,URL nao cadastrada em brands.json. Adicionar e rodar discovery.,,active,
phk-professional-hair,PHK Professional Hair,outras,0,0,0.0,🔴 vazio,⚪ N/A,missing_url,URL nao cadastrada em brands.json. Adicionar e rodar discovery.,,active,
physalis,Physalis,outras,0,0,0.0,🔴 vazio,⚪ N/A,missing_url,URL nao cadastrada em brands.json. Adicionar e rodar discovery.,,active,3
phyto,Phyto,outras,0,0,0.0,🔴 vazio,⚪ N/A,missing_url,URL nao cadastrada em brands.json. Adicionar e rodar discovery.,,active,
phytoca,Phytoca,outras,0,0,0.0,🔴 vazio,⚪ N/A,missing_url,URL nao cadastrada em brands.json. Adicionar e rodar discovery.,,active,
phytoervas,Phytoervas,outras,0,0,0.0,🔴 vazio,⚪ N/A,missing_url,URL nao cadastrada em brands.json. Adicionar e rodar discovery.,,active,
phytogen,Phytogen,outras,0,0,0.0,🔴 vazio,⚪ N/A,missing_url,URL nao cadastrada em brands.json. Adicionar e rodar discovery.,,active,
phytomer,Phytomer,outras,0,0,0.0,🔴 vazio,⚪ N/A,missing_url,URL nao cadastrada em brands.json. Adicionar e rodar discovery.,,active,
plancton,Plancton,nacional,0,0,0.0,🔴 vazio,⚪ N/A,missing_url,URL nao cadastrada em brands.json. Adicionar e rodar discovery.,,active,
pola,POLA,outras,0,0,0.0,🔴 vazio,⚪ N/A,missing_url,URL nao cadastrada em brands.json. Adicionar e rodar discovery.,,active,
portier,Portier,outras,0,0,0.0,🔴 vazio,⚪ N/A,missing_url,URL nao cadastrada em brands.json. Adicionar e rodar discovery.,,active,
pravana,Pravana,outras,0,0,0.0,🔴 vazio,⚪ N/A,missing_url,URL nao cadastrada em brands.json. Adicionar e rodar discovery.,,active,
premier-hair,Premier Hair,outras,0,0,0.0,🔴 vazio,⚪ N/A,missing_url,URL nao cadastrada em brands.json. Adicionar e rodar discovery.,,active,
principia,Principia,outras,0,0,0.0,🔴 vazio,⚪ N/A,missing_url,URL nao cadastrada em brands.json. Adicionar e rodar discovery.,,active,
pro-cachos,Pro Cachos,outras,0,0,0.0,🔴 vazio,⚪ N/A,missing_url,URL nao cadastrada em brands.json. Adicionar e rodar discovery.,,active,
proart,ProArt,outras,0,0,0.0,🔴 vazio,⚪ N/A,missing_url,URL nao cadastrada em brands.json. Adicionar e rodar discovery.,,active,
prohair-cosmeticos-profissionais,Prohair Cosméticos Profissionais,outras,0,0,0.0,🔴 vazio,⚪ N/A,missing_url,URL nao cadastrada em brands.json. Adicionar e rodar discovery.,,active,
prohall-cosmetic,Prohall Cosmetic,outras,0,0,0.0,🔴 vazio,⚪ N/A,missing_url,URL nao cadastrada em brands.json. Adicionar e rodar discovery.,,active,
pureology,Pureology,outras,0,0,0.0,🔴 vazio,⚪ N/A,missing_url,URL nao cadastrada em brands.json. Adicionar e rodar discovery.,,active,
quantic-flora,Quantic Flora,outras,0,0,0.0,🔴 vazio,⚪ N/A,missing_url,URL nao cadastrada em brands.json. Adicionar e rodar discovery.,,active,
r-co,R+Co,outras,0,0,0.0,🔴 vazio,⚪ N/A,missing_url,URL nao cadastrada em brands.json. Adicionar e rodar discovery.,,active,
raavi,Raavi,outras,0,0,0.0,🔴 vazio,⚪ N/A,missing_url,URL nao cadastrada em brands.json. Adicionar e rodar discovery.,,active,
raiz-latina,Raiz Latina,outras,0,0,0.0,🔴 vazio,⚪ N/A,missing_url,URL nao cadastrada em brands.json. Adicionar e rodar discovery.,,active,
rare-way-cosmeticos,Rare Way Cosméticos,outras,0,0,0.0,🔴 vazio,⚪ N/A,missing_url,URL nao cadastrada em brands.json. Adicionar e rodar discovery.,,active,
rauk,Rauk,outras,0,0,0.0,🔴 vazio,⚪ N/A,missing_url,URL nao cadastrada em brands.json. Adicionar e rodar discovery.,,active,
ravv,RAVV,outras,0,0,0.0,🔴 vazio,⚪ N/A,missing_url,URL nao cadastrada em brands.json. Adicionar e rodar discovery.,,active,
rebeel-professional,Rebeel Professional,outras,0,0,0.0,🔴 vazio,⚪ N/A,missing_url,URL nao cadastrada em brands.json. Adicionar e rodar discovery.,,active,
regenepure,Regenepure,outras,0,0,0.0,🔴 vazio,⚪ N/A,missing_url,URL nao cadastrada em brands.json. Adicionar e rodar discovery.,,active,
rene-furterer,René Furterer,outras,0,0,0.0,🔴 vazio,⚪ N/A,missing_url,URL nao cadastrada em brands.json. Adicionar e rodar discovery.,,active,
reuzel,Reuzel,outras,0,0,0.0,🔴 vazio,⚪ N/A,missing_url,URL nao cadastrada em brands.json. Adicionar e rodar discovery.,,active,
revitalash,RevitaLash,outras,0,0,0.0,🔴 vazio,⚪ N/A,missing_url,URL nao cadastrada em brands.json. Adicionar e rodar discovery.,,active,
revlon-professional,Revlon Professional,outras,0,0,0.0,🔴 vazio,⚪ N/A,missing_url,URL nao cadastrada em brands.json. Adicionar e rodar discovery.,,active,
rg-professional,RG Professional,outras,0,0,0.0,🔴 vazio,⚪ N/A,missing_url,URL nao cadastrada em brands.json. Adicionar e rodar discovery.,,active,
richee-professional,Richée Professional,outras,0,0,0.0,🔴 vazio,⚪ N/A,missing_url,URL nao cadastrada em brands.json. Adicionar e rodar discovery.,,active,
rie-salon-pro,Riè Salon-Pro,outras,0,0,0.0,🔴 vazio,⚪ N/A,missing_url,URL nao cadastrada em brands.json. Adicionar e rodar discovery.,,active,
rienza,Rienza,outras,0,0,0.0,🔴 vazio,⚪ N/A,missing_url,URL nao cadastrada em brands.json. Adicionar e rodar discovery.,,active,
risa-professional,Risa Professional,outras,0,0,0.0,🔴 vazio,⚪ N/A,missing_url,URL nao cadastrada em brands.json. Adicionar e rodar discovery.,,active,
rita-hazan,Rita Hazan,outras,0,0,0.0,🔴 vazio,⚪ N/A,missing_url,URL nao cadastrada em brands.json. Adicionar e rodar discovery.,,active,
rivenna-professional,Rivenna Professional,outras,0,0,0.0,🔴 vazio,⚪ N/A,missing_url,URL nao cadastrada em brands.json. Adicionar e rodar discovery.,,active,
robson-peluquero,Robson Peluquero,outras,0,0,0.0,🔴 vazio,⚪ N/A,missing_url,URL nao cadastrada em brands.json. Adicionar e rodar discovery.,,active,
roger,Roger,outras,0,0,0.0,🔴 vazio,⚪ N/A,missing_url,URL nao cadastrada em brands.json. Adicionar e rodar discovery.,,active,
ros,Ros,outras,0,0,0.0,🔴 vazio,⚪ N/A,missing_url,URL nao cadastrada em brands.json. Adicionar e rodar discovery.,,active,
rosa-amazonica,Rosa Amazônica,outras,0,0,0.0,🔴 vazio,⚪ N/A,missing_url,URL nao cadastrada em brands.json. Adicionar e rodar discovery.,,active,
rossano-ferretti-parma,Rossano Ferretti Parma,outras,0,0,0.0,🔴 vazio,⚪ N/A,missing_url,URL nao cadastrada em brands.json. Adicionar e rodar discovery.,,active,
roswell-club,Roswell Club,outras,0,0,0.0,🔴 vazio,⚪ N/A,missing_url,URL nao cadastrada em brands.json. Adicionar e rodar discovery.,,active,
route-66,Route 66,outras,0,0,0.0,🔴 vazio,⚪ N/A,missing_url,URL nao cadastrada em brands.json. Adicionar e rodar discovery.,,active,
royal-d,Royal.d,outras,0,0,0.0,🔴 vazio,⚪ N/A,missing_url,URL nao cadastrada em brands.json. Adicionar e rodar discovery.,,active,
royal-professional,Royal Professional,outras,0,0,0.0,🔴 vazio,⚪ N/A,missing_url,URL nao cadastrada em brands.json. Adicionar e rodar discovery.,,active,
roza-raiz-cosmeticos,Roza Raiz Cosméticos,outras,0,0,0.0,🔴 vazio,⚪ N/A,missing_url,URL nao cadastrada em brands.json. Adicionar e rodar discovery.,,active,
rubelita-professional,Rubelita Professional,outras,0,0,0.0,🔴 vazio,⚪ N/A,missing_url,URL nao cadastrada em brands.json. Adicionar e rodar discovery.,,active,
ruggero-cosmeticos,Ruggero Cosméticos,outras,0,0,0.0,🔴 vazio,⚪ N/A,missing_url,URL nao cadastrada em brands.json. Adicionar e rodar discovery.,,active,
rusk,Rusk,internacional,0,0,0.0,🔴 vazio,⚪ N/A,missing_url,URL nao cadastrada em brands.json. Adicionar e rodar discovery.,,active,
s-o-s-beleza-brasileira,S.O.S Beleza Brasileira,outras,0,0,0.0,🔴 vazio,⚪ N/A,missing_url,URL nao cadastrada em brands.json. Adicionar e rodar discovery.,,active,
sachajuan,Sachajuan,outras,0,0,0.0,🔴 vazio,⚪ N/A,missing_url,URL nao cadastrada em brands.json. Adicionar e rodar discovery.,,active,
salles-profissional,Salles Profissional,outras,0,0,0.0,🔴 vazio,⚪ N/A,missing_url,URL nao cadastrada em brands.json. Adicionar e rodar discovery.,,active,
sallore,Sallore,outras,0,0,0.0,🔴 vazio,⚪ N/A,missing_url,URL nao cadastrada em brands.json. Adicionar e rodar discovery.,,active,
salvatore-cosmeticos-hair-pro,Salvatore Cosméticos - Hair Pro,outras,0,0,0.0,🔴 vazio,⚪ N/A,missing_url,URL nao cadastrada em brands.json. Adicionar e rodar discovery.,,active,
sanliss-profissional,Sanliss Profissional,outras,0,0,0.0,🔴 vazio,⚪ N/A,missing_url,URL nao cadastrada em brands.json. Adicionar e rodar discovery.,,active,
schwarzkopf-professional,Schwarzkopf Professional,outras,0,0,0.0,🔴 vazio,⚪ N/A,missing_url,URL nao cadastrada em brands.json. Adicionar e rodar discovery.,,active,
sebastian-professional,Sebastian Professional,outras,0,0,0.0,🔴 vazio,⚪ N/A,missing_url,URL nao cadastrada em brands.json. Adicionar e rodar discovery.,,active,
seed-phytonutrients,Seed Phytonutrients,outras,0,0,0.0,🔴 vazio,⚪ N/A,missing_url,URL nao cadastrada em brands.json. Adicionar e rodar discovery.,,active,
segredo-dela,Segredo Dela,outras,0,0,0.0,🔴 vazio,⚪ N/A,missing_url,URL nao cadastrada em brands.json. Adicionar e rodar discovery.,,active,
senapack,Senapack,outras,0,0,0.0,🔴 vazio,⚪ N/A,missing_url,URL nao cadastrada em brands.json. Adicionar e rodar discovery.,,active,
sexy-hair-concepts,Sexy Hair Concepts,outras,0,0,0.0,🔴 vazio,⚪ N/A,missing_url,URL nao cadastrada em brands.json. Adicionar e rodar discovery.,,active,
sheamoisture,SheaMoisture,outras,0,0,0.0,🔴 vazio,⚪ N/A,missing_url,URL nao cadastrada em brands.json. Adicionar e rodar discovery.,,active,
shine-blue,Shine Blue,outras,0,0,0.0,🔴 vazio,⚪ N/A,missing_url,URL nao cadastrada em brands.json. Adicionar e rodar discovery.,,active,
shiseido,Shiseido,outras,0,0,0.0,🔴 vazio,⚪ N/A,missing_url,URL nao cadastrada em brands.json. Adicionar e rodar discovery.,,active,
sillage,Sillage,outras,0,0,0.0,🔴 vazio,⚪ N/A,missing_url,URL nao cadastrada em brands.json. Adicionar e rodar discovery.,,active,
simbioze-amazonica,Simbioze Amazônica,outras,0,0,0.0,🔴 vazio,⚪ N/A,missing_url,URL nao cadastrada em brands.json. Adicionar e rodar discovery.,,active,
simple-b,Simple B,outras,0,0,0.0,🔴 vazio,⚪ N/A,missing_url,URL nao cadastrada em brands.json. Adicionar e rodar discovery.,,active,
sisley,Sisley,outras,0,0,0.0,🔴 vazio,⚪ N/A,missing_url,URL nao cadastrada em brands.json. Adicionar e rodar discovery.,,active,
skala,Skala,outras,0,0,0.0,🔴 vazio,⚪ N/A,missing_url,URL nao cadastrada em brands.json. Adicionar e rodar discovery.,,active,
slide-cosmeticos,Slide Cosméticos,outras,0,0,0.0,🔴 vazio,⚪ N/A,missing_url,URL nao cadastrada em brands.json. Adicionar e rodar discovery.,,active,
sobelle,Sobelle,outras,0,0,0.0,🔴 vazio,⚪ N/A,missing_url,URL nao cadastrada em brands.json. Adicionar e rodar discovery.,,active,
sobrebarba,Sobrebarba,outras,0,0,0.0,🔴 vazio,⚪ N/A,missing_url,URL nao cadastrada em brands.json. Adicionar e rodar discovery.,,active,
soft-color,Soft Color,outras,0,0,0.0,🔴 vazio,⚪ N/A,missing_url,URL nao cadastrada em brands.json. Adicionar e rodar discovery.,,active,
soft-hair,Soft Hair,outras,0,0,0.0,🔴 vazio,⚪ N/A,missing_url,URL nao cadastrada em brands.json. Adicionar e rodar discovery.,,active,
sollido,Sóllido,outras,0,0,0.0,🔴 vazio,⚪ N/A,missing_url,URL nao cadastrada em brands.json. Adicionar e rodar discovery.,,active,
sorali-cosmetics,Sorali Cosmetics,outras,0,0,0.0,🔴 vazio,⚪ N/A,missing_url,URL nao cadastrada em brands.json. Adicionar e rodar discovery.,,active,
soul-care,Soul Care,outras,0,0,0.0,🔴 vazio,⚪ N/A,missing_url,URL nao cadastrada em brands.json. Adicionar e rodar discovery.,,active,
soul-power,Soul Power,outras,0,0,0.0,🔴 vazio,⚪ N/A,missing_url,URL nao cadastrada em brands.json. Adicionar e rodar discovery.,,active,
soulta,Soulta,outras,0,0,0.0,🔴 vazio,⚪ N/A,missing_url,URL nao cadastrada em brands.json. Adicionar e rodar discovery.,,active,
southliss-cosmeticos,SouthLiss Cosméticos,outras,0,0,0.0,🔴 vazio,⚪ N/A,missing_url,URL nao cadastrada em brands.json. Adicionar e rodar discovery.,,active,
starlab,Starlab,outras,0,0,0.0,🔴 vazio,⚪ N/A,missing_url,URL nao cadastrada em brands.json. Adicionar e rodar discovery.,,active,
stellar-beauty,Stellar Beauty,outras,0,0,0.0,🔴 vazio,⚪ N/A,missing_url,URL nao cadastrada em brands.json. Adicionar e rodar discovery.,,active,
stephen-knoll,Stephen Knoll,outras,0,0,0.0,🔴 vazio,⚪ N/A,missing_url,URL nao cadastrada em brands.json. Adicionar e rodar discovery.,,active,
stijl,Stijl,outras,0,0,0.0,🔴 vazio,⚪ N/A,missing_url,URL nao cadastrada em brands.json. Adicionar e rodar discovery.,,active,
storia-maro,Storia Maro,outras,0,0,0.0,🔴 vazio,⚪ N/A,missing_url,URL nao cadastrada em brands.json. Adicionar e rodar discovery.,,active,
strass,Strass,outras,0,0,0.0,🔴 vazio,⚪ N/A,missing_url,URL nao cadastrada em brands.json. Adicionar e rodar discovery.,,active,
strong-barber,Strong Barber,outras,0,0,0.0,🔴 vazio,⚪ N/A,missing_url,URL nao cadastrada em brands.json. Adicionar e rodar discovery.,,active,
stuff-anti-frizz,Stuff Anti Frizz,outras,0,0,0.0,🔴 vazio,⚪ N/A,missing_url,URL nao cadastrada em brands.json. Adicionar e rodar discovery.,,active,
superbia,Supérbia,outras,0,0,0.0,🔴 vazio,⚪ N/A,missing_url,URL nao cadastrada em brands.json. Adicionar e rodar discovery.,,active,
taiff,Taiff,outras,0,0,0.0,🔴 vazio,⚪ N/A,missing_url,URL nao cadastrada em brands.json. Adicionar e rodar discovery.,,active,
tangle-teezer,Tangle Teezer,outras,0,0,0.0,🔴 vazio,⚪ N/A,missing_url,URL nao cadastrada em brands.json. Adicionar e rodar discovery.,,active,
teimoso,Teimoso,outras,0,0,0.0,🔴 vazio,⚪ N/A,missing_url,URL nao cadastrada em brands.json. Adicionar e rodar discovery.,,active,
terumy-acessorios,Terumy Acessórios,outras,0,0,0.0,🔴 vazio,⚪ N/A,missing_url,URL nao cadastrada em brands.json. Adicionar e rodar discovery.,,active,
the-body-shop,The Body Shop,outras,0,0,0.0,🔴 vazio,⚪ N/A,missing_url,URL nao cadastrada em brands.json. Adicionar e rodar discovery.,,active,
the-ordinary,The Ordinary,outras,0,0,0.0,🔴 vazio,⚪ N/A,missing_url,URL nao cadastrada em brands.json. Adicionar e rodar discovery.,,active,
the-organic-pharmacy,The Organic Pharmacy,outras,0,0,0.0,🔴 vazio,⚪ N/A,missing_url,URL nao cadastrada em brands.json. Adicionar e rodar discovery.,,active,
three,THREE,outras,0,0,0.0,🔴 vazio,⚪ N/A,missing_url,URL nao cadastrada em brands.json. Adicionar e rodar discovery.,,active,
three-therapy,Three Therapy,outras,0,0,0.0,🔴 vazio,⚪ N/A,missing_url,URL nao cadastrada em brands.json. Adicionar e rodar discovery.,,active,
tigi-bed-head-catwalk,TIGI Bed Head / Catwalk,outras,0,0,0.0,🔴 vazio,⚪ N/A,missing_url,URL nao cadastrada em brands.json. Adicionar e rodar discovery.,,active,
tio-nacho,Tío Nacho,outras,0,0,0.0,🔴 vazio,⚪ N/A,missing_url,URL nao cadastrada em brands.json. Adicionar e rodar discovery.,,active,
toplife-profissional,Toplife Profissional,outras,0,0,0.0,🔴 vazio,⚪ N/A,missing_url,URL nao cadastrada em brands.json. Adicionar e rodar discovery.,,active,
total-lissy,Total Lissy,outras,0,0,0.0,🔴 vazio,⚪ N/A,missing_url,URL nao cadastrada em brands.json. Adicionar e rodar discovery.,,active,
tra-la-la,Trá Lá Lá,outras,0,0,0.0,🔴 vazio,⚪ N/A,missing_url,URL nao cadastrada em brands.json. Adicionar e rodar discovery.,,active,
tri-baum,Tri-Baum,outras,0,0,0.0,🔴 vazio,⚪ N/A,missing_url,URL nao cadastrada em brands.json. Adicionar e rodar discovery.,,active,
tricomin-clinical,Tricomin Clinical,outras,0,0,0.0,🔴 vazio,⚪ N/A,missing_url,URL nao cadastrada em brands.json. Adicionar e rodar discovery.,,active,
tridium-cosmeticos,Tridium Cosméticos,outras,0,0,0.0,🔴 vazio,⚪ N/A,missing_url,URL nao cadastrada em brands.json. Adicionar e rodar discovery.,,active,
triskle,Triskle,outras,0,0,0.0,🔴 vazio,⚪ N/A,missing_url,URL nao cadastrada em brands.json. Adicionar e rodar discovery.,,active,
troia-hair-cosmetics,Tróia Hair Cosmetics,outras,0,0,0.0,🔴 vazio,⚪ N/A,missing_url,URL nao cadastrada em brands.json. Adicionar e rodar discovery.,,active,
tsubaki,Tsubaki,outras,0,0,0.0,🔴 vazio,⚪ N/A,missing_url,URL nao cadastrada em brands.json. Adicionar e rodar discovery.,,active,
tyrrel,Tyrrel,outras,0,0,0.0,🔴 vazio,⚪ N/A,missing_url,URL nao cadastrada em brands.json. Adicionar e rodar discovery.,,active,
tzaha-professional-hair-excelence,Tzaha Professional Hair Excelence,outras,0,0,0.0,🔴 vazio,⚪ N/A,missing_url,URL nao cadastrada em brands.json. Adicionar e rodar discovery.,,active,
uhse,Uhse,outras,0,0,0.0,🔴 vazio,⚪ N/A,missing_url,URL nao cadastrada em brands.json. Adicionar e rodar discovery.,,active,
ulumee,Ulumee,outras,0,0,0.0,🔴 vazio,⚪ N/A,missing_url,URL nao cadastrada em brands.json. Adicionar e rodar discovery.,,active,
unilever,Unilever,outras,0,0,0.0,🔴 vazio,⚪ N/A,missing_url,URL nao cadastrada em brands.json. Adicionar e rodar discovery.,,active,31
unite,Unite,outras,0,0,0.0,🔴 vazio,⚪ N/A,missing_url,URL nao cadastrada em brands.json. Adicionar e rodar discovery.,,active,
up2you,Up2You,outras,0,0,0.0,🔴 vazio,⚪ N/A,missing_url,URL nao cadastrada em brands.json. Adicionar e rodar discovery.,,active,
uppercut-deluxe,Uppercut Deluxe,outras,0,0,0.0,🔴 vazio,⚪ N/A,missing_url,URL nao cadastrada em brands.json. Adicionar e rodar discovery.,,active,
usk,USK,outras,0,0,0.0,🔴 vazio,⚪ N/A,missing_url,URL nao cadastrada em brands.json. Adicionar e rodar discovery.,,blocked,43
vancouver,Vancouver,outras,0,0,0.0,🔴 vazio,⚪ N/A,missing_url,URL nao cadastrada em brands.json. Adicionar e rodar discovery.,,active,
ve-de-verdade,Vê de Verdade,outras,0,0,0.0,🔴 vazio,⚪ N/A,missing_url,URL nao cadastrada em brands.json. Adicionar e rodar discovery.,,active,
vedis,Vedis,outras,0,0,0.0,🔴 vazio,⚪ N/A,missing_url,URL nao cadastrada em brands.json. Adicionar e rodar discovery.,,active,
veinira,Veinira,outras,0,0,0.0,🔴 vazio,⚪ N/A,missing_url,URL nao cadastrada em brands.json. Adicionar e rodar discovery.,,active,
venceslaufarma,Venceslaufarma,outras,0,0,0.0,🔴 vazio,⚪ N/A,missing_url,URL nao cadastrada em brands.json. Adicionar e rodar discovery.,,active,
venille-professional,Venille Professional,outras,0,0,0.0,🔴 vazio,⚪ N/A,missing_url,URL nao cadastrada em brands.json. Adicionar e rodar discovery.,,active,
verde-brasil-cosmeticos,Verde Brasil Cosméticos,outras,0,0,0.0,🔴 vazio,⚪ N/A,missing_url,URL nao cadastrada em brands.json. Adicionar e rodar discovery.,,active,
verdena,Verdena,outras,0,0,0.0,🔴 vazio,⚪ N/A,missing_url,URL nao cadastrada em brands.json. Adicionar e rodar discovery.,,active,
vertix,Vertix,outras,0,0,0.0,🔴 vazio,⚪ N/A,missing_url,URL nao cadastrada em brands.json. Adicionar e rodar discovery.,,active,
via-aroma,Via Aroma,outras,0,0,0.0,🔴 vazio,⚪ N/A,missing_url,URL nao cadastrada em brands.json. Adicionar e rodar discovery.,,active,
vichy,Vichy,outras,0,0,0.0,🔴 vazio,⚪ N/A,missing_url,URL nao cadastrada em brands.json. Adicionar e rodar discovery.,,active,4
vicka-care,Vicka Care,outras,0,0,0.0,🔴 vazio,⚪ N/A,missing_url,URL nao cadastrada em brands.json. Adicionar e rodar discovery.,,active,
victoria-hair,Victoria Hair,outras,0,0,0.0,🔴 vazio,⚪ N/A,missing_url,URL nao cadastrada em brands.json. Adicionar e rodar discovery.,,active,
victorine-profissional,Victorine Profissional,outras,0,0,0.0,🔴 vazio,⚪ N/A,missing_url,URL nao cadastrada em brands.json. Adicionar e rodar discovery.,,active,
vira-cosmeticos,Virá Cosméticos,outras,0,0,0.0,🔴 vazio,⚪ N/A,missing_url,URL nao cadastrada em brands.json. Adicionar e rodar discovery.,,active,
virtue,Virtue,outras,0,0,0.0,🔴 vazio,⚪ N/A,missing_url,URL nao cadastrada em brands.json. Adicionar e rodar discovery.,,active,
vita-seiva,Vita Seiva,outras,0,0,0.0,🔴 vazio,⚪ N/A,missing_url,URL nao cadastrada em brands.json. Adicionar e rodar discovery.,,active,
vitaderm,Vitaderm,outras,0,0,0.0,🔴 vazio,⚪ N/A,missing_url,URL nao cadastrada em brands.json. Adicionar e rodar discovery.,,active,
vital-x-repair-professional,Vital X Repair Professional,outras,0,0,0.0,🔴 vazio,⚪ N/A,missing_url,URL nao cadastrada em brands.json. Adicionar e rodar discovery.,,active,
vitalab,Vitalab,outras,0,0,0.0,🔴 vazio,⚪ N/A,missing_url,URL nao cadastrada em brands.json. Adicionar e rodar discovery.,,active,
vizcaya,Vizcaya,outras,0,0,0.0,🔴 vazio,⚪ N/A,missing_url,URL nao cadastrada em brands.json. Adicionar e rodar discovery.,,active,
vizeme-cosmeticos,Vizeme Cosméticos,outras,0,0,0.0,🔴 vazio,⚪ N/A,missing_url,URL nao cadastrada em brands.json. Adicionar e rodar discovery.,,active,
voga,Voga,outras,0,0,0.0,🔴 vazio,⚪ N/A,missing_url,URL nao cadastrada em brands.json. Adicionar e rodar discovery.,,active,
wellux-professional,Wellux Professional,outras,0,0,0.0,🔴 vazio,⚪ N/A,missing_url,URL nao cadastrada em brands.json. Adicionar e rodar discovery.,,active,
wen,Wen,outras,0,0,0.0,🔴 vazio,⚪ N/A,missing_url,URL nao cadastrada em brands.json. Adicionar e rodar discovery.,,active,
wess-professional,Wess Professional,outras,0,0,0.0,🔴 vazio,⚪ N/A,missing_url,URL nao cadastrada em brands.json. Adicionar e rodar discovery.,,active,
wet-brush,Wet Brush,outras,0,0,0.0,🔴 vazio,⚪ N/A,missing_url,URL nao cadastrada em brands.json. Adicionar e rodar discovery.,,active,
world-queen,World Queen,outras,0,0,0.0,🔴 vazio,⚪ N/A,missing_url,URL nao cadastrada em brands.json. Adicionar e rodar discovery.,,active,
yabae,Yabae,outras,0,0,0.0,🔴 vazio,⚪ N/A,missing_url,URL nao cadastrada em brands.json. Adicionar e rodar discovery.,,active,
yama,Yamá,outras,0,0,0.0,🔴 vazio,⚪ N/A,missing_url,URL nao cadastrada em brands.json. Adicionar e rodar discovery.,,active,
yamy,Yamy!,outras,0,0,0.0,🔴 vazio,⚪ N/A,missing_url,URL nao cadastrada em brands.json. Adicionar e rodar discovery.,,active,
yantra-cosmeticos,Yantra Cosmeticos,outras,0,0,0.0,🔴 vazio,⚪ N/A,missing_url,URL nao cadastrada em brands.json. Adicionar e rodar discovery.,,active,
yasmin-beauty,Yasmin Beauty,outras,0,0,0.0,🔴 vazio,⚪ N/A,missing_url,URL nao cadastrada em brands.json. Adicionar e rodar discovery.,,active,
ybera-paris,YBERA PARIS,outras,0,0,0.0,🔴 vazio,⚪ N/A,missing_url,URL nao cadastrada em brands.json. Adicionar e rodar discovery.,,active,
yenzah,Yenzah,outras,0,0,0.0,🔴 vazio,⚪ N/A,missing_url,URL nao cadastrada em brands.json. Adicionar e rodar discovery.,,active,
ykas,Ykas,outras,0,0,0.0,🔴 vazio,⚪ N/A,missing_url,URL nao cadastrada em brands.json. Adicionar e rodar discovery.,,active,
you-man-grooming,You Man Grooming,outras,0,0,0.0,🔴 vazio,⚪ N/A,missing_url,URL nao cadastrada em brands.json. Adicionar e rodar discovery.,,active,
ytrend,YTREND,outras,0,0,0.0,🔴 vazio,⚪ N/A,missing_url,URL nao cadastrada em brands.json. Adicionar e rodar discovery.,,active,
zaila-professional,Zaila Professional,outras,0,0,0.0,🔴 vazio,⚪ N/A,missing_url,URL nao cadastrada em brands.json. Adicionar e rodar discovery.,,active,
zap-cosmeticos,Zap Cosméticos,outras,0,0,0.0,🔴 vazio,⚪ N/A,missing_url,URL nao cadastrada em brands.json. Adicionar e rodar discovery.,,active,
ziel-natural-cosmetics,Ziel Natural Cosmetics,outras,0,0,0.0,🔴 vazio,⚪ N/A,missing_url,URL nao cadastrada em brands.json. Adicionar e rodar discovery.,,active,
zoca,Zoca,outras,0,0,0.0,🔴 vazio,⚪ N/A,missing_url,URL nao cadastrada em brands.json. Adicionar e rodar discovery.,,active,
zuher-cosmeticos,Zuher Cosméticos,outras,0,0,0.0,🔴 vazio,⚪ N/A,missing_url,URL nao cadastrada em brands.json. Adicionar e rodar discovery.,,active,
belliz-company,Belliz Company,nacional,499,5,1.0,🟢 saudavel,🔴 zerada,site_no_inci,Confirmado que o site nao publica INCI publicamente. Necessita parceria/SAC.,,out_of_scope,
haskell,Haskell,nacional,482,132,27.4,🟢 saudavel,🟠 baixa,site_no_inci,Confirmado que o site nao publica INCI publicamente. Necessita parceria/SAC.,,active,1
abelha-rainha,Abelha Rainha,nacional,436,0,0.0,🟢 saudavel,🔴 zerada,site_no_inci,Confirmado que o site nao publica INCI publicamente. Necessita parceria/SAC.,,out_of_scope,
fox-for-men,Fox For Men,nacional,390,0,0.0,🟢 saudavel,🔴 zerada,site_no_inci,Confirmado que o site nao publica INCI publicamente. Necessita parceria/SAC.,,out_of_scope,
dyusar,Dyusar,nacional,372,32,8.6,🟢 saudavel,🔴 zerada,site_no_inci,Confirmado que o site nao publica INCI publicamente. Necessita parceria/SAC.,,active,
philco,Philco,nacional,372,0,0.0,🟢 saudavel,🔴 zerada,site_no_inci,Confirmado que o site nao publica INCI publicamente. Necessita parceria/SAC.,,out_of_scope,
flora-pura,Flora Pura,nacional,355,6,1.7,🟢 saudavel,🔴 zerada,site_no_inci,Confirmado que o site nao publica INCI publicamente. Necessita parceria/SAC.,,active,
loccitane,L'Occitane au Brasil,internacional,307,9,2.9,🟢 saudavel,🔴 zerada,site_no_inci,Confirmado que o site nao publica INCI publicamente. Necessita parceria/SAC.,,active,4
de-benguela,De Benguela,nacional,286,0,0.0,🟢 saudavel,🔴 zerada,site_no_inci,Confirmado que o site nao publica INCI publicamente. Necessita parceria/SAC.,,active,
london-cosmeticos,London Cosméticos,nacional,276,2,0.7,🟢 saudavel,🔴 zerada,site_no_inci,Confirmado que o site nao publica INCI publicamente. Necessita parceria/SAC.,,active,
spa-cosmetics,Spa Cosmetics,nacional,258,14,5.4,🟢 saudavel,🔴 zerada,site_no_inci,Confirmado que o site nao publica INCI publicamente. Necessita parceria/SAC.,,active,
elseve,Elseve,nacional,228,5,2.2,🟢 saudavel,🔴 zerada,site_no_inci,Confirmado que o site nao publica INCI publicamente. Necessita parceria/SAC.,,active,2
gota-dourada,Gota Dourada,nacional,199,6,3.0,🟢 saudavel,🔴 zerada,site_no_inci,Confirmado que o site nao publica INCI publicamente. Necessita parceria/SAC.,,active,
bio-extratus,Bio Extratus,nacional,197,0,0.0,🟢 saudavel,🔴 zerada,site_no_inci,Confirmado que o site nao publica INCI publicamente. Necessita parceria/SAC.,,active,1
wbeauty-cosmeticos,WBeauty Cosméticos,nacional,196,0,0.0,🟢 saudavel,🔴 zerada,site_no_inci,Confirmado que o site nao publica INCI publicamente. Necessita parceria/SAC.,,active,
muriel,Muriel,nacional,177,5,2.8,🟢 saudavel,🔴 zerada,site_no_inci,Confirmado que o site nao publica INCI publicamente. Necessita parceria/SAC.,,active,
capicilin,Capicilin,nacional,151,0,0.0,🟢 saudavel,🔴 zerada,site_no_inci,Confirmado que o site nao publica INCI publicamente. Necessita parceria/SAC.,,active,
pokoloka,Pokoloka,outras,228,4,1.8,🟢 saudavel,🔴 zerada,extracao_parcial,228 produtos no banco mas apenas 4 INCI. Provavel site nao publica INCI.,,active,
brae,Braé,nacional,228,1,0.4,🟢 saudavel,🔴 zerada,extracao_parcial,228 produtos no banco mas apenas 1 INCI. Provavel site nao publica INCI.,,active,1
c-kamura,C.Kamura,outras,156,4,2.6,🟢 saudavel,🔴 zerada,extracao_parcial,156 produtos no banco mas apenas 4 INCI. Provavel site nao publica INCI.,,active,
professional-paris-cosmetics,Professional Paris Cosmetics,outras,149,0,0.0,🟢 saudavel,🔴 zerada,extracao_parcial,149 produtos no banco mas apenas 0 INCI. Provavel site nao publica INCI.,,active,
lucy-s,Lucy's,outras,145,1,0.7,🟢 saudavel,🔴 zerada,extracao_parcial,145 produtos no banco mas apenas 1 INCI. Provavel site nao publica INCI.,,active,
aneethun,Aneethun,nacional,118,0,0.0,🟢 saudavel,🔴 zerada,extracao_parcial,118 produtos no banco mas apenas 0 INCI. Provavel site nao publica INCI.,,active,3
dove,Dove,internacional,116,3,2.6,🟢 saudavel,🔴 zerada,extracao_parcial,116 produtos no banco mas apenas 3 INCI. Provavel site nao publica INCI.,,active,2
mega-bell,Mega Bell,outras,100,4,4.0,🟢 saudavel,🔴 zerada,extracao_parcial,100 produtos no banco mas apenas 4 INCI. Provavel site nao publica INCI.,,active,
acquaflora,Acquaflora,outras,100,1,1.0,🟢 saudavel,🔴 zerada,extracao_parcial,100 produtos no banco mas apenas 1 INCI. Provavel site nao publica INCI.,,active,3
silone-hair,Silone Hair,outras,84,3,3.6,🟡 atencao,🔴 zerada,extracao_parcial,84 produtos no banco mas apenas 3 INCI. Provavel site nao publica INCI.,,active,
1ka-hair,1Ka Hair,outras,83,1,1.2,🟡 atencao,🔴 zerada,extracao_parcial,83 produtos no banco mas apenas 1 INCI. Provavel site nao publica INCI.,,out_of_scope,
probelle,PROBELLE,outras,76,4,5.3,🟡 atencao,🔴 zerada,extracao_parcial,76 produtos no banco mas apenas 4 INCI. Provavel site nao publica INCI.,,active,
batiste,Batiste,outras,75,4,5.3,🟡 atencao,🔴 zerada,extracao_parcial,75 produtos no banco mas apenas 4 INCI. Provavel site nao publica INCI.,,active,3
k-bell,K-Bell,outras,71,0,0.0,🟡 atencao,🔴 zerada,extracao_parcial,71 produtos no banco mas apenas 0 INCI. Provavel site nao publica INCI.,,active,
phytobelle,Phytobelle,outras,70,2,2.9,🟡 atencao,🔴 zerada,extracao_parcial,70 produtos no banco mas apenas 2 INCI. Provavel site nao publica INCI.,,active,
lana-brasiles,Lana Brasiles,outras,67,2,3.0,🟡 atencao,🔴 zerada,extracao_parcial,67 produtos no banco mas apenas 2 INCI. Provavel site nao publica INCI.,,active,
soul-cosmeticos,Soul Cosméticos,outras,52,0,0.0,🟡 atencao,🔴 zerada,extracao_parcial,52 produtos no banco mas apenas 0 INCI. Provavel site nao publica INCI.,,active,
mazavie-cosmetics,Mazavie Cosmetics,outras,50,0,0.0,🟡 atencao,🔴 zerada,extracao_parcial,50 produtos no banco mas apenas 0 INCI. Provavel site nao publica INCI.,,active,
barba-de-respeito,Barba de Respeito,outras,46,0,0.0,🟡 atencao,🔴 zerada,extracao_parcial,46 produtos no banco mas apenas 0 INCI. Provavel site nao publica INCI.,,active,
brscience-profissional,Brscience Profissional,outras,46,2,4.3,🟡 atencao,🔴 zerada,extracao_parcial,46 produtos no banco mas apenas 2 INCI. Provavel site nao publica INCI.,,active,
laby,Laby,outras,45,3,6.7,🟡 atencao,🔴 zerada,extracao_parcial,45 produtos no banco mas apenas 3 INCI. Provavel site nao publica INCI.,,active,
bemgloria,Bemgloria,outras,42,0,0.0,🟡 atencao,🔴 zerada,extracao_parcial,42 produtos no banco mas apenas 0 INCI. Provavel site nao publica INCI.,,active,
dr-jack,Dr Jack,outras,41,0,0.0,🟡 atencao,🔴 zerada,extracao_parcial,41 produtos no banco mas apenas 0 INCI. Provavel site nao publica INCI.,,active,
sense-brasil,Sense Brasil,outras,41,0,0.0,🟡 atencao,🔴 zerada,extracao_parcial,41 produtos no banco mas apenas 0 INCI. Provavel site nao publica INCI.,,active,
nordic-smells,Nordic Smells,outras,33,2,6.1,🟡 atencao,🔴 zerada,extracao_parcial,33 produtos no banco mas apenas 2 INCI. Provavel site nao publica INCI.,,active,
bendita-canfora,Bendita Cânfora,outras,32,0,0.0,🟡 atencao,🔴 zerada,extracao_parcial,32 produtos no banco mas apenas 0 INCI. Provavel site nao publica INCI.,,active,
barba-de-macho,Barba De Macho,outras,26,1,3.8,🟡 atencao,🔴 zerada,extracao_parcial,26 produtos no banco mas apenas 1 INCI. Provavel site nao publica INCI.,,active,
cia-da-barba,Cia da Barba,outras,21,1,4.8,🟠 critico,🔴 zerada,extracao_parcial,21 produtos no banco mas apenas 1 INCI. Provavel site nao publica INCI.,,active,
breany-liss,Breany Liss,outras,16,0,0.0,🟠 critico,🔴 zerada,extracao_parcial,16 produtos no banco mas apenas 0 INCI. Provavel site nao publica INCI.,,active,
eudora,Eudora,nacional,1804,695,38.5,🟢 saudavel,🟠 baixa,inci_baixa,INCI em 38%. Possivel mistura site nao publica + nosso scraper falhar em alguns.,,active,36
griffus,Griffus,nacional,791,99,12.5,🟢 saudavel,🟠 baixa,inci_baixa,INCI em 12%. Possivel mistura site nao publica + nosso scraper falhar em alguns.,,active,1
apice-cosmeticos,Apice Cosméticos,nacional,622,188,30.2,🟢 saudavel,🟠 baixa,inci_baixa,INCI em 30%. Possivel mistura site nao publica + nosso scraper falhar em alguns.,,active,3
new-old-man,New Old Man,nacional,528,173,32.8,🟢 saudavel,🟠 baixa,inci_baixa,INCI em 33%. Possivel mistura site nao publica + nosso scraper falhar em alguns.,,active,
b-o-b-bars,B.O.B. Bars,nacional,354,114,32.2,🟢 saudavel,🟠 baixa,inci_baixa,INCI em 32%. Possivel mistura site nao publica + nosso scraper falhar em alguns.,,active,3
karina,Karina,outras,354,56,15.8,🟢 saudavel,🟠 baixa,inci_baixa,INCI em 16%. Possivel mistura site nao publica + nosso scraper falhar em alguns.,,active,
alva,Alva,outras,341,135,39.6,🟢 saudavel,🟠 baixa,inci_baixa,INCI em 40%. Possivel mistura site nao publica + nosso scraper falhar em alguns.,,active,3
hidratei,Hidratei,nacional,341,121,35.5,🟢 saudavel,🟠 baixa,inci_baixa,INCI em 36%. Possivel mistura site nao publica + nosso scraper falhar em alguns.,,active,20
widi-care,Widi Care,nacional,319,44,13.8,🟢 saudavel,🟠 baixa,inci_baixa,INCI em 14%. Possivel mistura site nao publica + nosso scraper falhar em alguns.,,active,1
vizet,Vizet,outras,315,104,33.0,🟢 saudavel,🟠 baixa,inci_baixa,INCI em 33%. Possivel mistura site nao publica + nosso scraper falhar em alguns.,,active,
kerastase,Kérastase,internacional,272,128,47.1,🟢 saudavel,🟡 media,inci_baixa,INCI em 47%. Possivel mistura site nao publica + nosso scraper falhar em alguns.,,active,3
mahogany,Mahogany,outras,265,63,23.8,🟢 saudavel,🟠 baixa,inci_baixa,INCI em 24%. Possivel mistura site nao publica + nosso scraper falhar em alguns.,,active,
facinatus-cosmeticos,Facinatus Cosméticos,nacional,245,40,16.3,🟢 saudavel,🟠 baixa,inci_baixa,INCI em 16%. Possivel mistura site nao publica + nosso scraper falhar em alguns.,,active,
amahka-paris,Amahka Paris,outras,245,67,27.3,🟢 saudavel,🟠 baixa,inci_baixa,INCI em 27%. Possivel mistura site nao publica + nosso scraper falhar em alguns.,,active,
red-iron,Red Iron,nacional,243,48,19.8,🟢 saudavel,🟠 baixa,inci_baixa,INCI em 20%. Possivel mistura site nao publica + nosso scraper falhar em alguns.,,active,
kiria-hair-professional,Kiria Hair Professional,outras,241,44,18.3,🟢 saudavel,🟠 baixa,inci_baixa,INCI em 18%. Possivel mistura site nao publica + nosso scraper falhar em alguns.,,active,
treeliss-profissional,TreeLiss Profissional,outras,225,102,45.3,🟢 saudavel,🟡 media,inci_baixa,INCI em 45%. Possivel mistura site nao publica + nosso scraper falhar em alguns.,,active,
acquarara,AcquaRara,outras,214,99,46.3,🟢 saudavel,🟡 media,inci_baixa,INCI em 46%. Possivel mistura site nao publica + nosso scraper falhar em alguns.,,active,
soupleliss-professional,Soupleliss Professional,outras,210,78,37.1,🟢 saudavel,🟠 baixa,inci_baixa,INCI em 37%. Possivel mistura site nao publica + nosso scraper falhar em alguns.,,active,
baume,Baume,nacional,202,42,20.8,🟢 saudavel,🟠 baixa,inci_baixa,INCI em 21%. Possivel mistura site nao publica + nosso scraper falhar em alguns.,,active,
fattore,Fattore,outras,193,46,23.8,🟢 saudavel,🟠 baixa,inci_baixa,INCI em 24%. Possivel mistura site nao publica + nosso scraper falhar em alguns.,,active,
arvensis-cosmeticos-naturais,Arvensis Cosméticos Naturais,nacional,189,5,2.6,🟢 saudavel,🔴 zerada,inci_baixa,INCI em 3%. Possivel mistura site nao publica + nosso scraper falhar em alguns.,,active,3
mahair-cosmetics,Mahair Cosmetics,nacional,171,16,9.4,🟢 saudavel,🔴 zerada,inci_baixa,INCI em 9%. Possivel mistura site nao publica + nosso scraper falhar em alguns.,,active,
knut,KNUT,outras,155,32,20.6,🟢 saudavel,🟠 baixa,inci_baixa,INCI em 21%. Possivel mistura site nao publica + nosso scraper falhar em alguns.,,active,
adlux-cosmeticos,Adlux Cosméticos,outras,140,7,5.0,🟢 saudavel,🔴 zerada,inci_baixa,INCI em 5%. Possivel mistura site nao publica + nosso scraper falhar em alguns.,,active,
redken,Redken,internacional,112,28,25.0,🟢 saudavel,🟠 baixa,inci_baixa,INCI em 25%. Possivel mistura site nao publica + nosso scraper falhar em alguns.,,active,2
rigolim-hair-co,Rigolim Hair & Co,outras,97,19,19.6,🟡 atencao,🟠 baixa,inci_baixa,INCI em 20%. Possivel mistura site nao publica + nosso scraper falhar em alguns.,,active,
ox-cosmeticos,OX Cosméticos,outras,94,43,45.7,🟡 atencao,🟡 media,inci_baixa,INCI em 46%. Possivel mistura site nao publica + nosso scraper falhar em alguns.,,active,
cosmobeauty,Cosmobeauty,outras,86,39,45.3,🟡 atencao,🟡 media,inci_baixa,INCI em 45%. Possivel mistura site nao publica + nosso scraper falhar em alguns.,,active,
retro-cosmeticos,Retrô Cosméticos,outras,81,35,43.2,🟡 atencao,🟡 media,inci_baixa,INCI em 43%. Possivel mistura site nao publica + nosso scraper falhar em alguns.,,active,
mio-capelli,Mio Capelli,outras,75,29,38.7,🟡 atencao,🟠 baixa,inci_baixa,INCI em 39%. Possivel mistura site nao publica + nosso scraper falhar em alguns.,,active,
mestre-dos-cachos,Mestre dos Cachos,outras,73,9,12.3,🟡 atencao,🟠 baixa,inci_baixa,INCI em 12%. Possivel mistura site nao publica + nosso scraper falhar em alguns.,,active,
ativare,Ativare,outras,71,34,47.9,🟡 atencao,🟡 media,inci_baixa,INCI em 48%. Possivel mistura site nao publica + nosso scraper falhar em alguns.,,active,
amazonico-care,Amazônico Care,outras,58,15,25.9,🟡 atencao,🟠 baixa,inci_baixa,INCI em 26%. Possivel mistura site nao publica + nosso scraper falhar em alguns.,,active,3
b-hulmann,B. Hulmann,outras,52,16,30.8,🟡 atencao,🟠 baixa,inci_baixa,INCI em 31%. Possivel mistura site nao publica + nosso scraper falhar em alguns.,,active,3
alpha-line,Alpha Line,outras,41,19,46.3,🟡 atencao,🟡 media,inci_baixa,INCI em 46%. Possivel mistura site nao publica + nosso scraper falhar em alguns.,,active,
barba-robusta,Barba Robusta,outras,41,9,22.0,🟡 atencao,🟠 baixa,inci_baixa,INCI em 22%. Possivel mistura site nao publica + nosso scraper falhar em alguns.,,active,
descomplica-curvas,Descomplica Curvas,outras,34,11,32.4,🟡 atencao,🟠 baixa,inci_baixa,INCI em 32%. Possivel mistura site nao publica + nosso scraper falhar em alguns.,,active,
hiato-fitocosmeticos,Hiato Fitocosméticos,outras,33,7,21.2,🟡 atencao,🟠 baixa,inci_baixa,INCI em 21%. Possivel mistura site nao publica + nosso scraper falhar em alguns.,,active,
kpriche-professional,Kpriche Professional,outras,33,11,33.3,🟡 atencao,🟠 baixa,inci_baixa,INCI em 33%. Possivel mistura site nao publica + nosso scraper falhar em alguns.,,active,
kah-noa,Kah-Noa,outras,27,9,33.3,🟡 atencao,🟠 baixa,inci_baixa,INCI em 33%. Possivel mistura site nao publica + nosso scraper falhar em alguns.,,active,
wella,Wella,internacional,23,9,39.1,🟠 critico,🟠 baixa,inci_baixa,INCI em 39%. Possivel mistura site nao publica + nosso scraper falhar em alguns.,,active,8
veggue-profissional,Veggue Profissional,outras,21,8,38.1,🟠 critico,🟠 baixa,inci_baixa,INCI em 38%. Possivel mistura site nao publica + nosso scraper falhar em alguns.,,active,
rainha-dos-cachos,Rainha dos Cachos,outras,18,8,44.4,🟠 critico,🟡 media,inci_baixa,INCI em 44%. Possivel mistura site nao publica + nosso scraper falhar em alguns.,,active,
fabulosa-lizz,Fabulosa Lizz,outras,13,2,15.4,🟠 critico,🟠 baixa,inci_baixa,INCI em 15%. Possivel mistura site nao publica + nosso scraper falhar em alguns.,,active,
my-brush,My Brush,outras,9,4,44.4,🟠 critico,🟡 media,low_volume,So 9 produtos. Marca pequena ou scrape parcial. Investigar.,,active,
sos-frizz,Sos Frizz,outras,6,5,83.3,🟠 critico,🟢 boa,low_volume,So 6 produtos. Marca pequena ou scrape parcial. Investigar.,,active,
head-and-shoulders,Head and Shoulders,internacional,5,0,0.0,🟠 critico,🔴 zerada,low_volume,So 5 produtos. Marca pequena ou scrape parcial. Investigar.,,active,24
oriente-life,Oriente Life,outras,5,0,0.0,🟠 critico,🔴 zerada,low_volume,So 5 produtos. Marca pequena ou scrape parcial. Investigar.,,active,
qod,QOD,outras,5,0,0.0,🟠 critico,🔴 zerada,low_volume,So 5 produtos. Marca pequena ou scrape parcial. Investigar.,,active,
med-for-you-professional,Med For You Professional,outras,5,0,0.0,🟠 critico,🔴 zerada,low_volume,So 5 produtos. Marca pequena ou scrape parcial. Investigar.,,active,
hair-extrattus,Hair Extrattus,outras,5,0,0.0,🟠 critico,🔴 zerada,low_volume,So 5 produtos. Marca pequena ou scrape parcial. Investigar.,,active,
lola-cosmetics,Lola Cosmetics,nacional,5,0,0.0,🟠 critico,🔴 zerada,low_volume,So 5 produtos. Marca pequena ou scrape parcial. Investigar.,,active,1
azenka,Azenka,outras,5,0,0.0,🟠 critico,🔴 zerada,low_volume,So 5 produtos. Marca pequena ou scrape parcial. Investigar.,,active,
barrominas,BarroMinas,outras,4,1,25.0,🔴 vazio,⚪ N/A,low_volume,So 4 produtos. Marca pequena ou scrape parcial. Investigar.,,active,
trevor-sorbie,Trevor Sorbie,outras,3,0,0.0,🔴 vazio,⚪ N/A,low_volume,So 3 produtos. Marca pequena ou scrape parcial. Investigar.,,active,
grankera,Grankéra,outras,2,0,0.0,🔴 vazio,⚪ N/A,low_volume,So 2 produtos. Marca pequena ou scrape parcial. Investigar.,,active,
strattus,Strattus,outras,2,0,0.0,🔴 vazio,⚪ N/A,low_volume,So 2 produtos. Marca pequena ou scrape parcial. Investigar.,,active,
a-line,A-line,outras,2,0,0.0,🔴 vazio,⚪ N/A,low_volume,So 2 produtos. Marca pequena ou scrape parcial. Investigar.,,active,
b-urb,B.URB,outras,1,0,0.0,🔴 vazio,⚪ N/A,low_volume,So 1 produtos. Marca pequena ou scrape parcial. Investigar.,,active,3
loccitane-us,L'Occitane (US),outras,1,0,0.0,🔴 vazio,⚪ N/A,low_volume,So 1 produtos. Marca pequena ou scrape parcial. Investigar.,,new,3
o-boticario,O Boticário,nacional,1884,1139,60.5,🟢 saudavel,🟡 media,ok,60% INCI cobertura. Saudavel.,,active,27
salon-line,Salon Line,nacional,792,771,97.3,🟢 saudavel,🟢 boa,ok,97% INCI cobertura. Saudavel.,,active,1
amend,Amend,nacional,706,629,89.1,🟢 saudavel,🟢 boa,ok,89% INCI cobertura. Saudavel.,,active,39
beleza-natural,Beleza Natural,nacional,410,207,50.5,🟢 saudavel,🟡 media,ok,50% INCI cobertura. Saudavel.,,active,3
left-cosmeticos,Left Cosméticos,nacional,390,283,72.6,🟢 saudavel,🟢 boa,ok,73% INCI cobertura. Saudavel.,,active,
mondial,Mondial,outras,387,236,61.0,🟢 saudavel,🟡 media,ok,61% INCI cobertura. Saudavel.,,active,
natura,Natura,nacional,370,243,65.7,🟢 saudavel,🟡 media,ok,66% INCI cobertura. Saudavel.,,active,1
felps-professional,Felps Professional,nacional,353,222,62.9,🟢 saudavel,🟡 media,ok,63% INCI cobertura. Saudavel.,,active,
natuhair,NatuHair,nacional,333,218,65.5,🟢 saudavel,🟡 media,ok,66% INCI cobertura. Saudavel.,,active,
keragen,Keragen,nacional,286,249,87.1,🟢 saudavel,🟢 boa,ok,87% INCI cobertura. Saudavel.,,active,
keune,Keune,internacional,284,254,89.4,🟢 saudavel,🟢 boa,ok,89% INCI cobertura. Saudavel.,,active,17
joico,Joico,outras,281,168,59.8,🟢 saudavel,🟡 media,ok,60% INCI cobertura. Saudavel.,,active,16
inoar,Inoar,nacional,218,202,92.7,🟢 saudavel,🟢 boa,ok,93% INCI cobertura. Saudavel.,,active,3
all-nature,All Nature,outras,214,159,74.3,🟢 saudavel,🟢 boa,ok,74% INCI cobertura. Saudavel.,,active,3
myphios-professional,Myphios Professional,outras,205,119,58.0,🟢 saudavel,🟡 media,ok,58% INCI cobertura. Saudavel.,,active,
forever-liss-professional,Forever Liss Professional,outras,190,138,72.6,🟢 saudavel,🟢 boa,ok,73% INCI cobertura. Saudavel.,,active,
alphahall-cosmetiques,Alphahall Cosmétiques,outras,151,140,92.7,🟢 saudavel,🟢 boa,ok,93% INCI cobertura. Saudavel.,,active,3
paiolla-professional,Paiolla Professional,outras,149,100,67.1,🟢 saudavel,🟡 media,ok,67% INCI cobertura. Saudavel.,,active,
seda,Seda,nacional,146,104,71.2,🟢 saudavel,🟢 boa,ok,71% INCI cobertura. Saudavel.,,active,2
essendy,Essendy,outras,132,101,76.5,🟢 saudavel,🟢 boa,ok,76% INCI cobertura. Saudavel.,,active,
lacan,Lacan,outras,124,107,86.3,🟢 saudavel,🟢 boa,ok,86% INCI cobertura. Saudavel.,,active,
barba-urbana,Barba Urbana,outras,119,79,66.4,🟢 saudavel,🟡 media,ok,66% INCI cobertura. Saudavel.,,active,
tekmi-cosmeticos,Tekmi Cosméticos,outras,112,82,73.2,🟢 saudavel,🟢 boa,ok,73% INCI cobertura. Saudavel.,,active,
avatim,Avatim,outras,105,87,82.9,🟢 saudavel,🟢 boa,ok,83% INCI cobertura. Saudavel.,,active,32
belletonn,Belletonn,outras,102,61,59.8,🟢 saudavel,🟡 media,ok,60% INCI cobertura. Saudavel.,,active,
live-aloe,Live Aloe,outras,92,52,56.5,🟡 atencao,🟡 media,ok,56% INCI cobertura. Saudavel.,,active,
blueken-professional,Blueken Professional,outras,91,68,74.7,🟡 atencao,🟢 boa,ok,75% INCI cobertura. Saudavel.,,active,
larree,L’arrëe,outras,86,86,100.0,🟡 atencao,🟢 boa,ok,100% INCI cobertura. Saudavel.,,active,
agilise-cosmeticos,Agilise Cosméticos,nacional,81,54,66.7,🟡 atencao,🟡 media,ok,67% INCI cobertura. Saudavel.,,active,3
abela-cosmetics,Abela Cosmetics,outras,71,48,67.6,🟡 atencao,🟡 media,ok,68% INCI cobertura. Saudavel.,,active,3
aramath-cosmeticos,Aramath Cosméticos,nacional,63,42,66.7,🟡 atencao,🟡 media,ok,67% INCI cobertura. Saudavel.,,active,
mustela,Mustela,outras,62,32,51.6,🟡 atencao,🟡 media,ok,52% INCI cobertura. Saudavel.,,active,38
granado,Granado,outras,61,57,93.4,🟡 atencao,🟢 boa,ok,93% INCI cobertura. Saudavel.,,active,33
pantene,Pantene,internacional,58,44,75.9,🟡 atencao,🟢 boa,ok,76% INCI cobertura. Saudavel.,,active,2
salunat,Salunat,outras,46,30,65.2,🟡 atencao,🟡 media,ok,65% INCI cobertura. Saudavel.,,active,
okyo,Okyo,outras,42,26,61.9,🟡 atencao,🟡 media,ok,62% INCI cobertura. Saudavel.,,active,
balai,Balai,outras,40,20,50.0,🟡 atencao,🟡 media,ok,50% INCI cobertura. Saudavel.,,active,3
malina-beauty,Malina Beauty,outras,36,35,97.2,🟡 atencao,🟢 boa,ok,97% INCI cobertura. Saudavel.,,active,
menina-e-mulher-cosmeticos,Menina e Mulher Cosméticos,outras,33,17,51.5,🟡 atencao,🟡 media,ok,52% INCI cobertura. Saudavel.,,active,
tresemme,TRESemmé,internacional,32,32,100.0,🟡 atencao,🟢 boa,ok,100% INCI cobertura. Saudavel.,,active,12
beleza-ruiva,Beleza Ruiva,outras,32,25,78.1,🟡 atencao,🟢 boa,ok,78% INCI cobertura. Saudavel.,,active,
imunehair,Imunehair,outras,21,21,100.0,🟠 critico,🟢 boa,ok,100% INCI cobertura. Saudavel.,,active,
aussie,Aussie,outras,16,12,75.0,🟠 critico,🟢 boa,ok,75% INCI cobertura. Saudavel.,,active,3
bio-instinto,Bio Instinto,outras,11,11,100.0,🟠 critico,🟢 boa,ok,100% INCI cobertura. Saudavel.,,active,
new-hair,New Hair,outras,11,6,54.5,🟠 critico,🟡 media,ok,55% INCI cobertura. Saudavel.,,active,
